time,left_joint_0,left_joint_1,left_joint_2,left_joint_3,left_joint_4,left_joint_5,left_joint_6,left_joint_7,right_joint_0,right_joint_1,right_joint_2,right_joint_3,right_joint_4,right_joint_5,right_joint_6,right_joint_7
1776326389.0747275,0.0,0.0001,0.0,0.0014,0.0,0.0,0.0,0.0,0.0,0.0001,0.0,0.0014,0.0,0.0,0.0,0.0
1776326389.0757318,0.0,0.0001,0.0,0.0014,0.0,0.0,0.0,0.0,0.0,0.0001,0.0,0.0014,0.0,0.0,0.0,0.0
1776326389.592741,0.0,0.0001,0.0,0.0014,0.0,0.0,0.0,0.0,0.0,0.0001,0.0,0.0014,0.0,0.0,0.0,0.0
1776326389.5937934,0.0,0.0001,0.0,0.0014,0.0,0.0,0.0,0.0,0.0,0.0001,0.0,0.0014,0.0,0.0,0.0,0.0
1776326389.83403,0.0,0.0001,0.0,0.0014,0.0,0.0,0.0,0.0,0.0,0.0001,0.0,0.0014,0.0,0.0,0.0,0.0
1776326389.8346968,0.0,0.0001,0.0,0.0014,0.0,0.0,0.0,0.0,0.0,0.0001,0.0,0.0014,0.0,0.0,0.0,0.0
1776326390.0846343,0.0,0.0001,0.0,0.0014,0.0,0.0,0.0,0.0,0.0,0.0001,0.0,0.0014,0.0,0.0,0.0,0.0
1776326390.0858393,0.0,0.0001,0.0,0.0014,0.0,0.0,0.0,0.0,0.0,0.0001,0.0,0.0014,0.0,0.0,0.0,0.0
1776326390.3182037,0.0,0.0001,0.0,0.0014,0.0,0.0,0.0,0.0,0.0,0.0001,0.0,0.0014,0.0,0.0,0.0,0.0
1776326390.3188484,0.0,0.0001,0.0,0.0014,0.0,0.0,0.0,0.0,0.0,0.0001,0.0,0.0014,0.0,0.0,0.0,0.0
1776326390.5646832,0.0,0.0001,0.0,0.0014,0.0,0.0,0.0,0.0,0.0,0.0001,0.0,0.0014,0.0,0.0,0.0,0.0
1776326390.5656705,0.0,0.0001,0.0,0.0014,0.0,0.0,0.0,0.0,0.0,0.0001,0.0,0.0014,0.0,0.0,0.0,0.0
1776326390.8013783,0.0,0.0001,0.0,0.0014,0.0,0.0,0.0,0.0,0.0,0.0001,0.0,0.0014,0.0,0.0,0.0,0.0
1776326390.801767,0.0,0.0001,0.0,0.0014,0.0,0.0,0.0,0.0,0.0,0.0001,0.0,0.0014,0.0,0.0,0.0,0.0
1776326391.0726767,0.0,0.0001,0.0,0.0014,0.0,0.0,0.0,0.0,0.0,0.0001,0.0,0.0014,0.0,0.0,0.0,0.0
1776326391.0737262,0.0,0.0001,0.0,0.0014,0.0,0.0,0.0,0.0,0.0,0.0001,0.0,0.0014,0.0,0.0,0.0,0.0
1776326391.3258004,0.0,0.0001,0.0,0.0014,0.0,0.0,0.0,0.0,0.0,0.0001,0.0,0.0014,0.0,0.0,0.0,0.0
1776326391.3267128,0.0,0.0001,0.0,0.0014,0.0,0.0,0.0,0.0,0.0,0.0001,0.0,0.0014,0.0,0.0,0.0,0.0
1776326391.559803,0.0,0.0001,0.0,0.0014,0.0,0.0,0.0,0.0,0.0,0.0001,0.0,0.0014,0.0,0.0,0.0,0.0
1776326391.560778,0.0,0.0001,0.0,0.0014,0.0,0.0,0.0,0.0,0.0,0.0001,0.0,0.0014,0.0,0.0,0.0,0.0
1776326391.7853053,0.0,0.0001,0.0,0.0014,0.0,0.0,0.0,0.0,0.0,0.0001,0.0,0.0014,0.0,0.0,0.0,0.0
1776326391.7856815,0.0,0.0001,0.0,0.0014,0.0,0.0,0.0,0.0,0.0,0.0001,0.0,0.0014,0.0,0.0,0.0,0.0
1776326392.0253098,0.0,0.0001,0.0,0.0014,0.0,0.0,0.0,0.0,0.0,0.0001,0.0,0.0014,0.0,0.0,0.0,0.0
1776326392.025682,0.0,0.0001,0.0,0.0014,0.0,0.0,0.0,0.0,0.0,0.0001,0.0,0.0014,0.0,0.0,0.0,0.0
1776326392.265478,0.0,0.0001,0.0,0.0014,0.0,0.0,0.0,0.0,0.0,0.0001,0.0,0.0014,0.0,0.0,0.0,0.0
1776326392.2659397,0.0,0.0001,0.0,0.0014,0.0,0.0,0.0,0.0,0.0,0.0001,0.0,0.0014,0.0,0.0,0.0,0.0
1776326392.518474,0.0,0.0001,0.0,0.0014,0.0,0.0,0.0,0.0,0.0,0.0001,0.0,0.0014,0.0,0.0,0.0,0.0
1776326392.5189981,0.0,0.0001,0.0,0.0014,0.0,0.0,0.0,0.0,0.0,0.0001,0.0,0.0014,0.0,0.0,0.0,0.0
1776326392.7832868,0.0,0.0001,0.0,0.0014,0.0,0.0,0.0,0.0,0.0,0.0001,0.0,0.0014,0.0,0.0,0.0,0.0
1776326392.7836633,0.0,0.0001,0.0,0.0014,0.0,0.0,0.0,0.0,0.0,0.0001,0.0,0.0014,0.0,0.0,0.0,0.0
1776326393.0223792,0.0,0.0001,0.0,0.0014,0.0,0.0,0.0,0.0,0.0,0.0001,0.0,0.0014,0.0,0.0,0.0,0.0
1776326393.022762,0.0,0.0001,0.0,0.0014,0.0,0.0,0.0,0.0,0.0,0.0001,0.0,0.0014,0.0,0.0,0.0,0.0
1776326393.2592378,0.0,0.0001,0.0,0.0014,0.0,0.0,0.0,0.0,0.0,0.0001,0.0,0.0014,0.0,0.0,0.0,0.0
1776326393.2598205,0.0,0.0001,0.0,0.0014,0.0,0.0,0.0,0.0,0.0,0.0001,0.0,0.0014,0.0,0.0,0.0,0.0
1776326393.4740295,0.0,0.0001,0.0,0.0014,0.0,0.0,0.0,0.0,0.0,0.0001,0.0,0.0014,0.0,0.0,0.0,0.0
1776326393.4747186,0.0,0.0001,0.0,0.0014,0.0,0.0,0.0,0.0,0.0,0.0001,0.0,0.0014,0.0,0.0,0.0,0.0
1776326393.6814282,0.0,0.0001,0.0,0.0014,0.0,0.0,0.0,0.0,0.0,0.0001,0.0,0.0014,0.0,0.0,0.0,0.0
1776326393.6818073,0.0,0.0001,0.0,0.0014,0.0,0.0,0.0,0.0,0.0,0.0001,0.0,0.0014,0.0,0.0,0.0,0.0
1776326393.9044771,0.0,0.0001,0.0,0.0014,0.0,0.0,0.0,0.0,0.0,0.0001,0.0,0.0014,0.0,0.0,0.0,0.0
1776326393.9049463,0.0,0.0001,0.0,0.0014,0.0,0.0,0.0,0.0,0.0,0.0001,0.0,0.0014,0.0,0.0,0.0,0.0
1776326394.1296034,0.0,0.0001,0.0,0.0014,0.0,0.0,0.0,0.0,0.0,0.0001,0.0,0.0014,0.0,0.0,0.0,0.0
1776326394.1299849,0.0,0.0001,0.0,0.0014,0.0,0.0,0.0,0.0,0.0,0.0001,0.0,0.0014,0.0,0.0,0.0,0.0
1776326394.3514087,0.0,0.0001,0.0,0.0014,0.0,0.0,0.0,0.0,0.0,0.0001,0.0,0.0014,0.0,0.0,0.0,0.0
1776326394.351791,0.0,0.0001,0.0,0.0014,0.0,0.0,0.0,0.0,0.0,0.0001,0.0,0.0014,0.0,0.0,0.0,0.0
1776326394.5724669,0.0,0.0001,0.0,0.0014,0.0,0.0,0.0,0.0,0.0,0.0001,0.0,0.0014,0.0,0.0,0.0,0.0
1776326394.5730548,0.0,0.0001,0.0,0.0014,0.0,0.0,0.0,0.0,0.0,0.0001,0.0,0.0014,0.0,0.0,0.0,0.0
1776326394.7898211,0.0,0.0001,0.0,0.0014,0.0,0.0,0.0,0.0,0.0,0.0001,0.0,0.0014,0.0,0.0,0.0,0.0
1776326394.790807,0.0,0.0001,0.0,0.0014,0.0,0.0,0.0,0.0,0.0,0.0001,0.0,0.0014,0.0,0.0,0.0,0.0
1776326395.02378,0.0,0.0001,0.0,0.0014,0.0,0.0,0.0,0.0,0.0,0.0001,0.0,0.0014,0.0,0.0,0.0,0.0
1776326395.024748,0.0,0.0001,0.0,0.0014,0.0,0.0,0.0,0.0,0.0,0.0001,0.0,0.0014,0.0,0.0,0.0,0.0
1776326395.2536752,0.0,0.0001,0.0,0.0014,0.0,0.0,0.0,0.0,0.0,0.0001,0.0,0.0014,0.0,0.0,0.0,0.0
1776326395.2548387,0.0,0.0001,0.0,0.0014,0.0,0.0,0.0,0.0,0.0,0.0001,0.0,0.0014,0.0,0.0,0.0,0.0
1776326395.4841082,0.0,0.0001,0.0,0.0014,0.0,0.0,0.0,0.0,0.0,0.0001,0.0,0.0014,0.0,0.0,0.0,0.0
1776326395.484839,0.0,0.0001,0.0,0.0014,0.0,0.0,0.0,0.0,0.0,0.0001,0.0,0.0014,0.0,0.0,0.0,0.0
1776326395.716392,0.0,0.0001,0.0,0.0014,0.0,0.0,0.0,0.0,0.0,0.0001,0.0,0.0014,0.0,0.0,0.0,0.0
1776326395.7169106,0.0,0.0001,0.0,0.0014,0.0,0.0,0.0,0.0,0.0,0.0001,0.0,0.0014,0.0,0.0,0.0,0.0
1776326395.9444177,0.0,0.0001,0.0,0.0014,0.0,0.0,0.0,0.0,0.0,0.0001,0.0,0.0014,0.0,0.0,0.0,0.0
1776326395.9448533,0.0,0.0001,0.0,0.0014,0.0,0.0,0.0,0.0,0.0,0.0001,0.0,0.0014,0.0,0.0,0.0,0.0
1776326396.1851172,0.0,0.0001,0.0,0.0014,0.0,0.0,0.0,0.0,0.0,0.0001,0.0,0.0014,0.0,0.0,0.0,0.0
1776326396.185897,0.0,0.0001,0.0,0.0014,0.0,0.0,0.0,0.0,0.0,0.0001,0.0,0.0014,0.0,0.0,0.0,0.0
1776326396.4186547,0.0,0.0001,0.0,0.0014,0.0,0.0,0.0,0.0,0.0,0.0001,0.0,0.0014,0.0,0.0,0.0,0.0
1776326396.4197156,0.0,0.0001,0.0,0.0014,0.0,0.0,0.0,0.0,0.0,0.0001,0.0,0.0014,0.0,0.0,0.0,0.0
1776326396.659183,0.0,0.0001,0.0,0.0014,0.0,0.0,0.0,0.0,0.0,0.0001,0.0,0.0014,0.0,0.0,0.0,0.0
1776326396.659826,0.0,0.0001,0.0,0.0014,0.0,0.0,0.0,0.0,0.0,0.0001,0.0,0.0014,0.0,0.0,0.0,0.0
1776326396.9015539,0.0,0.0001,0.0,0.0014,0.0,0.0,0.0,0.0,0.0,0.0001,0.0,0.0014,0.0,0.0,0.0,0.0
1776326396.90211,0.0,0.0001,0.0,0.0014,0.0,0.0,0.0,0.0,0.0,0.0001,0.0,0.0014,0.0,0.0,0.0,0.0
1776326397.147772,0.0,0.0001,0.0,0.0014,0.0,0.0,0.0,0.0,0.0,0.0001,0.0,0.0014,0.0,0.0,0.0,0.0
1776326397.148792,0.0,0.0001,0.0,0.0014,0.0,0.0,0.0,0.0,0.0,0.0001,0.0,0.0014,0.0,0.0,0.0,0.0
1776326397.3967996,0.0,0.0001,0.0,0.0014,0.0,0.0,0.0,0.0,0.0,0.0001,0.0,0.0014,0.0,0.0,0.0,0.0
1776326397.3978,0.0,0.0001,0.0,0.0014,0.0,0.0,0.0,0.0,0.0,0.0001,0.0,0.0014,0.0,0.0,0.0,0.0
1776326397.6198196,0.0,0.0001,0.0,0.0014,0.0,0.0,0.0,0.0,0.0,0.0001,0.0,0.0014,0.0,0.0,0.0,0.0
1776326397.6207535,0.0,0.0001,0.0,0.0014,0.0,0.0,0.0,0.0,0.0,0.0001,0.0,0.0014,0.0,0.0,0.0,0.0
1776326397.8299577,0.0,0.0001,0.0,0.0014,0.0,0.0,0.0,0.0,0.0,0.0001,0.0,0.0014,0.0,0.0,0.0,0.0
1776326397.8309913,0.0,0.0001,0.0,0.0014,0.0,0.0,0.0,0.0,0.0,0.0001,0.0,0.0014,0.0,0.0,0.0,0.0
1776326398.0534651,0.0,0.0001,0.0,0.0014,0.0,0.0,0.0,0.0,0.0,0.0001,0.0,0.0014,0.0,0.0,0.0,0.0
1776326398.05388,0.0,0.0001,0.0,0.0014,0.0,0.0,0.0,0.0,0.0,0.0001,0.0,0.0014,0.0,0.0,0.0,0.0
1776326398.2603917,0.0,0.0001,0.0,0.0014,0.0,0.0,0.0,0.0,0.0,0.0001,0.0,0.0014,0.0,0.0,0.0,0.0
1776326398.2607844,0.0,0.0001,0.0,0.0014,0.0,0.0,0.0,0.0,0.0,0.0001,0.0,0.0014,0.0,0.0,0.0,0.0
1776326398.4731097,0.0,0.0001,0.0,0.0014,0.0,0.0,0.0,0.0,0.0,0.0001,0.0,0.0014,0.0,0.0,0.0,0.0
1776326398.473782,0.0,0.0001,0.0,0.0014,0.0,0.0,0.0,0.0,0.0,0.0001,0.0,0.0014,0.0,0.0,0.0,0.0
1776326398.6990113,0.0,0.0001,0.0,0.0014,0.0,0.0,0.0,0.0,0.0,0.0001,0.0,0.0014,0.0,0.0,0.0,0.0
1776326398.6997013,0.0,0.0001,0.0,0.0014,0.0,0.0,0.0,0.0,0.0,0.0001,0.0,0.0014,0.0,0.0,0.0,0.0
1776326398.9321542,0.0,0.0001,0.0,0.0014,0.0,0.0,0.0,0.0,0.0,0.0001,0.0,0.0014,0.0,0.0,0.0,0.0
1776326398.9327145,0.0,0.0001,0.0,0.0014,0.0,0.0,0.0,0.0,0.0,0.0001,0.0,0.0014,0.0,0.0,0.0,0.0
1776326399.1693482,0.0,0.0001,0.0,0.0014,0.0,0.0,0.0,0.0,0.0,0.0001,0.0,0.0014,0.0,0.0,0.0,0.0
1776326399.1699176,0.0,0.0001,0.0,0.0014,0.0,0.0,0.0,0.0,0.0,0.0001,0.0,0.0014,0.0,0.0,0.0,0.0
1776326399.4083965,0.0,0.0001,0.0,0.0014,0.0,0.0,0.0,0.0,0.0,0.0001,0.0,0.0014,0.0,0.0,0.0,0.0
1776326399.4088962,0.0,0.0001,0.0,0.0014,0.0,0.0,0.0,0.0,0.0,0.0001,0.0,0.0014,0.0,0.0,0.0,0.0
1776326399.6438494,0.0,0.0001,0.0,0.0014,0.0,0.0,0.0,0.0,0.0,0.0001,0.0,0.0014,0.0,0.0,0.0,0.0
1776326399.6448653,0.0,0.0001,0.0,0.0014,0.0,0.0,0.0,0.0,0.0,0.0001,0.0,0.0014,0.0,0.0,0.0,0.0
1776326399.8833723,0.0,0.0001,0.0,0.0014,0.0,0.0,0.0,0.0,0.0,0.0001,0.0,0.0014,0.0,0.0,0.0,0.0
1776326399.8837779,0.0,0.0001,0.0,0.0014,0.0,0.0,0.0,0.0,0.0,0.0001,0.0,0.0014,0.0,0.0,0.0,0.0
1776326400.1188989,0.0,0.0001,0.0,0.0014,0.0,0.0,0.0,0.0,0.0,0.0001,0.0,0.0014,0.0,0.0,0.0,0.0
1776326400.1197803,0.0,0.0001,0.0,0.0014,0.0,0.0,0.0,0.0,0.0,0.0001,0.0,0.0014,0.0,0.0,0.0,0.0
1776326400.3467429,0.0,0.0001,0.0,0.0014,0.0,0.0,0.0,0.0,0.0,0.0001,0.0,0.0014,0.0,0.0,0.0,0.0
1776326400.3479357,0.0,0.0001,0.0,0.0014,0.0,0.0,0.0,0.0,0.0,0.0001,0.0,0.0014,0.0,0.0,0.0,0.0
1776326400.5840032,0.0,0.0001,0.0,0.0014,0.0,0.0,0.0,0.0,0.0,0.0001,0.0,0.0014,0.0,0.0,0.0,0.0
1776326400.5846667,0.0,0.0001,0.0,0.0014,0.0,0.0,0.0,0.0,0.0,0.0001,0.0,0.0014,0.0,0.0,0.0,0.0
1776326400.8224642,0.0,0.0001,0.0,0.0014,0.0,0.0,0.0,0.0,0.0,0.0001,0.0,0.0014,0.0,0.0,0.0,0.0
1776326400.8228388,0.0,0.0001,0.0,0.0014,0.0,0.0,0.0,0.0,0.0,0.0001,0.0,0.0014,0.0,0.0,0.0,0.0
1776326401.0652072,0.0,0.0001,0.0,0.0014,0.0,0.0,0.0,0.0,0.0,0.0001,0.0,0.0014,0.0,0.0,0.0,0.0
1776326401.06595,0.0,0.0001,0.0,0.0014,0.0,0.0,0.0,0.0,0.0,0.0001,0.0,0.0014,0.0,0.0,0.0,0.0
1776326401.2949686,0.0,0.0001,0.0,0.0014,0.0,0.0,0.0,0.0,0.0,0.0001,0.0,0.0014,0.0,0.0,0.0,0.0
1776326401.295865,0.0,0.0001,0.0,0.0014,0.0,0.0,0.0,0.0,0.0,0.0001,0.0,0.0014,0.0,0.0,0.0,0.0
1776326401.5375385,0.0,0.0001,0.0,0.0014,0.0,0.0,0.0,0.0,0.0,0.0001,0.0,0.0014,0.0,0.0,0.0,0.0
1776326401.5379524,0.0,0.0001,0.0,0.0014,0.0,0.0,0.0,0.0,0.0,0.0001,0.0,0.0014,0.0,0.0,0.0,0.0
1776326401.7880442,0.0077,0.0079,0.0,0.0003,-0.0033,0.0025,0.0067,-0.0068,0.0123,0.0235,-0.0086,0.0002,-0.0037,0.0019,0.0071,-0.0071
1776326401.7887294,0.0102,0.0155,0.0,0.0003,-0.0099,0.0035,0.0097,-0.0098,0.0171,0.0334,-0.0119,-0.0002,-0.0071,0.0023,0.0103,-0.0103
1776326402.0167482,0.0222,0.0553,0.0,-0.0003,-0.0441,0.004,0.0253,-0.0255,0.0408,0.0859,-0.0303,-0.0028,-0.0207,0.0008,0.0265,-0.0266
1776326402.0179126,0.0245,0.0633,0.0,-0.0017,-0.051,0.0036,0.0284,-0.0286,0.0453,0.0963,-0.034,-0.0037,-0.023,0.0001,0.0297,-0.0298
1776326402.256574,0.0338,0.08,0.0,-0.0024,-0.059,0.0067,0.0369,-0.0371,0.0604,0.1294,-0.0621,-0.0068,-0.0167,-0.0018,0.0385,-0.0386
1776326402.2569516,0.0338,0.08,0.0,-0.0024,-0.059,0.0067,0.0369,-0.0371,0.0604,0.1294,-0.0621,-0.0068,-0.0167,-0.0018,0.0385,-0.0386
1776326402.5060644,0.0358,0.1004,0.0,-0.0023,-0.0779,0.0079,0.0421,-0.0425,0.0629,0.1435,-0.0701,-0.0097,-0.0089,-0.0059,0.0439,-0.044
1776326402.5068598,0.0369,0.1039,0.0,-0.0023,-0.0817,0.008,0.0427,-0.0431,0.0635,0.1441,-0.0696,-0.0106,-0.0093,-0.0057,0.0445,-0.0446
1776326402.7523546,0.0396,0.1133,0.0,-0.002,-0.0905,0.0089,0.0445,-0.0447,0.0625,0.1425,-0.0657,-0.0124,-0.0122,-0.0039,0.0462,-0.0463
1776326402.7527575,0.0396,0.1133,0.0,-0.002,-0.0905,0.0089,0.0445,-0.0447,0.0625,0.1425,-0.0657,-0.0124,-0.0122,-0.0039,0.0462,-0.0463
1776326402.9896991,0.0408,0.1149,0.0,-0.0003,-0.0891,0.0101,0.0455,-0.0456,0.0636,0.1404,-0.0596,-0.0101,-0.018,-0.0035,0.0471,-0.0472
1776326402.9907355,0.041,0.1138,0.0,0.0,-0.0873,0.0103,0.0456,-0.0457,0.0657,0.141,-0.0583,-0.0105,-0.0199,-0.0041,0.0472,-0.0473
1776326403.2103367,0.0421,0.1121,0.0,0.0006,-0.0839,0.0106,0.0459,-0.046,0.0721,0.144,-0.0538,-0.0121,-0.025,-0.0058,0.0476,-0.0477
1776326403.210817,0.0421,0.1121,0.0,0.0006,-0.0839,0.0106,0.0459,-0.046,0.0721,0.144,-0.0538,-0.0121,-0.025,-0.0058,0.0476,-0.0477
1776326403.4244616,0.0426,0.1148,0.0,0.0015,-0.0823,0.0119,0.0462,-0.0463,0.0762,0.1388,-0.0452,-0.0107,-0.0252,-0.0057,0.0478,-0.048
1776326403.4248521,0.0426,0.1148,0.0,0.0015,-0.0823,0.0119,0.0462,-0.0463,0.0762,0.1388,-0.0452,-0.0107,-0.0252,-0.0057,0.0478,-0.048
1776326403.650693,0.0419,0.1188,0.0,0.0024,-0.0831,0.0128,0.0463,-0.0464,0.0779,0.1343,-0.0374,-0.0089,-0.0261,-0.0054,0.0479,-0.0481
1776326403.6517763,0.0417,0.1197,0.0,0.0024,-0.0835,0.0129,0.0463,-0.0465,0.0782,0.1338,-0.036,-0.0093,-0.0266,-0.0054,0.0479,-0.0481
1776326403.875186,0.0428,0.1201,0.0,0.0029,-0.0831,0.0131,0.0463,-0.0465,0.0785,0.1318,-0.0351,-0.0111,-0.0263,-0.0054,0.048,-0.0482
1776326403.8757915,0.0428,0.1201,0.0,0.0029,-0.0831,0.0131,0.0463,-0.0465,0.0785,0.1318,-0.0351,-0.0111,-0.0263,-0.0054,0.048,-0.0482
1776326404.102461,0.0416,0.1224,0.0,0.0032,-0.0838,0.0131,0.0464,-0.0465,0.0788,0.1339,-0.036,-0.0122,-0.0266,-0.0063,0.048,-0.0484
1776326404.1029608,0.0416,0.1224,0.0,0.0032,-0.0838,0.0131,0.0464,-0.0465,0.0788,0.1339,-0.036,-0.0122,-0.0266,-0.0063,0.048,-0.0484
1776326404.320062,0.044,0.13,0.0,0.0018,-0.0896,0.0117,0.0464,-0.0465,0.0805,0.1409,-0.0385,-0.0162,-0.033,-0.0076,0.0479,-0.0484
1776326404.3207967,0.0438,0.1307,0.0,0.0013,-0.0901,0.0108,0.0464,-0.0465,0.0796,0.142,-0.0377,-0.0167,-0.0359,-0.0087,0.0479,-0.0483
1776326404.540784,0.044,0.1331,0.0,-0.0019,-0.0917,0.009,0.0466,-0.0466,0.0766,0.1448,-0.0376,-0.0184,-0.0447,-0.0106,0.0478,-0.0483
1776326404.5418503,0.0445,0.1338,0.0,-0.002,-0.0922,0.0091,0.0466,-0.0466,0.0757,0.1453,-0.039,-0.0178,-0.0466,-0.0102,0.0478,-0.0483
1776326404.7657444,0.0454,0.136,0.0,-0.0021,-0.0931,0.0097,0.0466,-0.0466,0.0735,0.1466,-0.0422,-0.016,-0.0504,-0.0093,0.0478,-0.0483
1776326404.7667716,0.0454,0.1378,0.0,-0.0017,-0.093,0.0102,0.0466,-0.0466,0.0724,0.1476,-0.043,-0.0157,-0.0506,-0.009,0.0478,-0.0483
1776326404.9910562,0.045,0.1428,0.0,0.0,-0.0931,0.0113,0.0465,-0.0466,0.0692,0.1479,-0.0445,-0.0146,-0.048,-0.0092,0.0478,-0.0483
1776326404.9920373,0.0448,0.1435,0.0,0.0002,-0.0932,0.0114,0.0465,-0.0466,0.0687,0.1472,-0.0446,-0.0146,-0.0466,-0.0097,0.0478,-0.0483
1776326405.2393687,0.0424,0.1447,0.0,0.0004,-0.0942,0.011,0.0466,-0.0466,0.0625,0.1399,-0.0458,-0.0156,-0.0368,-0.0118,0.0479,-0.0484
1776326405.2398105,0.0424,0.1447,0.0,0.0004,-0.0942,0.011,0.0466,-0.0466,0.0625,0.1399,-0.0458,-0.0156,-0.0368,-0.0118,0.0479,-0.0484
1776326405.4712281,0.0408,0.141,0.0,0.001,-0.0896,0.0114,0.0466,-0.0466,0.0537,0.1217,-0.1015,-0.0141,0.0085,-0.0121,0.048,-0.0484
1776326405.471919,0.0407,0.1407,0.0,0.0012,-0.0891,0.0115,0.0466,-0.0466,0.053,0.1201,-0.1073,-0.0138,0.0129,-0.0121,0.048,-0.0484
1776326405.7010684,0.0395,0.1393,0.0,0.0025,-0.0847,0.0135,0.0466,-0.0467,0.0501,0.1264,-0.1308,-0.0134,0.0189,-0.0092,0.0479,-0.0482
1776326405.7017512,0.0396,0.1393,0.0,0.0029,-0.084,0.0138,0.0466,-0.0467,0.0499,0.1274,-0.1361,-0.0131,0.0219,-0.0083,0.0479,-0.0482
1776326405.925273,0.0401,0.1382,0.0,0.0053,-0.0785,0.015,0.0466,-0.0467,0.048,0.1381,-0.1764,-0.0134,0.0469,0.0004,0.0478,-0.0482
1776326405.92581,0.0401,0.1382,0.0,0.0053,-0.0785,0.015,0.0466,-0.0467,0.048,0.1381,-0.1764,-0.0134,0.0469,0.0004,0.0478,-0.0482
1776326406.1610928,0.0408,0.1356,0.0,0.0056,-0.0723,0.0144,0.0466,-0.0467,0.0443,0.1592,-0.2353,-0.015,0.0815,0.0125,0.0477,-0.0481
1776326406.1617715,0.0413,0.1352,0.0,0.0053,-0.0721,0.0137,0.0465,-0.0466,0.0419,0.1678,-0.2524,-0.0162,0.0861,0.0115,0.0477,-0.0481
1776326406.3982756,0.0417,0.1341,0.0,0.0041,-0.0709,0.0124,0.0463,-0.0464,0.0406,0.1935,-0.2863,-0.0175,0.0881,0.0085,0.0478,-0.048
1776326406.3987272,0.0417,0.1341,0.0,0.0041,-0.0709,0.0124,0.0463,-0.0464,0.0406,0.1935,-0.2863,-0.0175,0.0881,0.0085,0.0478,-0.048
1776326406.6294038,0.0426,0.1368,0.0,0.0042,-0.0722,0.0127,0.0463,-0.0464,0.0461,0.1993,-0.2698,-0.0146,0.0671,0.0023,0.048,-0.048
1776326406.6298177,0.0426,0.1368,0.0,0.0042,-0.0722,0.0127,0.0463,-0.0464,0.0461,0.1993,-0.2698,-0.0146,0.0671,0.0023,0.048,-0.048
1776326406.8736382,0.0442,0.1364,0.0,0.0051,-0.0709,0.0139,0.0465,-0.0466,0.053,0.1782,-0.2051,-0.0144,0.0278,-0.0055,0.0481,-0.0482
1776326406.8750453,0.0444,0.1373,0.0,0.0054,-0.0707,0.0142,0.0464,-0.0465,0.0543,0.1813,-0.2004,-0.0137,0.0188,-0.0045,0.048,-0.0482
1776326407.1144285,0.0442,0.1382,0.0,0.0056,-0.0714,0.0144,0.0464,-0.0465,0.0555,0.1839,-0.1965,-0.011,0.0109,-0.0036,0.0479,-0.0482
1776326407.114879,0.0442,0.1382,0.0,0.0056,-0.0714,0.0144,0.0464,-0.0465,0.0555,0.1839,-0.1965,-0.011,0.0109,-0.0036,0.0479,-0.0482
1776326407.3619118,0.0423,0.1392,0.0,0.0053,-0.0753,0.0142,0.0463,-0.0466,0.061,0.1691,-0.1777,-0.006,0.0076,-0.0073,0.0481,-0.0483
1776326407.3627033,0.042,0.1392,0.0,0.0052,-0.0757,0.0141,0.0463,-0.0466,0.0614,0.1674,-0.1773,-0.0055,0.0085,-0.0078,0.0481,-0.0483
1776326407.595414,0.0418,0.139,0.0,0.0049,-0.0778,0.0136,0.0463,-0.0465,0.0634,0.1646,-0.1614,-0.0051,0.0026,-0.0093,0.0481,-0.0483
1776326407.5957925,0.0418,0.139,0.0,0.0049,-0.0778,0.0136,0.0463,-0.0465,0.0634,0.1646,-0.1614,-0.0051,0.0026,-0.0093,0.0481,-0.0483
1776326407.8379037,0.0412,0.1362,0.0,0.0049,-0.0748,0.014,0.0462,-0.0466,0.0658,0.1733,-0.183,-0.0062,0.0168,-0.0107,0.0481,-0.0483
1776326407.8388724,0.0411,0.1359,0.0,0.0049,-0.0745,0.0141,0.0462,-0.0466,0.066,0.1741,-0.1859,-0.0064,0.0186,-0.0108,0.0481,-0.0483
1776326408.0702713,0.0406,0.1364,0.0,0.0038,-0.0762,0.0129,0.0462,-0.0465,0.0691,0.1769,-0.2339,-0.0116,0.0496,-0.0141,0.0481,-0.0483
1776326408.070764,0.0406,0.1364,0.0,0.0038,-0.0762,0.0129,0.0462,-0.0465,0.0691,0.1769,-0.2339,-0.0116,0.0496,-0.0141,0.0481,-0.0483
1776326408.3105369,0.0409,0.1357,0.0,0.0059,-0.0757,0.0136,0.046,-0.0466,0.0665,0.1677,-0.2627,-0.0158,0.079,-0.0128,0.048,-0.0482
1776326408.3109498,0.0409,0.1357,0.0,0.0059,-0.0757,0.0136,0.046,-0.0466,0.0665,0.1677,-0.2627,-0.0158,0.079,-0.0128,0.048,-0.0482
1776326408.5492733,0.0402,0.1379,0.0,0.0042,-0.0822,0.012,0.0461,-0.0466,0.0674,0.1697,-0.2676,-0.0148,0.0885,-0.0105,0.0481,-0.0482
1776326408.549932,0.0402,0.1382,0.0,0.0041,-0.0826,0.0119,0.0462,-0.0466,0.0668,0.1701,-0.2657,-0.0131,0.0851,-0.009,0.0481,-0.0482
1776326408.7963154,0.0414,0.1382,0.0,0.0038,-0.0827,0.0118,0.0462,-0.0466,0.0603,0.164,-0.2528,-0.0068,0.069,-0.0046,0.048,-0.0481
1776326408.7966926,0.0414,0.1382,0.0,0.0038,-0.0827,0.0118,0.0462,-0.0466,0.0603,0.164,-0.2528,-0.0068,0.069,-0.0046,0.048,-0.0481
1776326409.0420647,0.043,0.1372,0.0,0.0039,-0.0807,0.0125,0.0463,-0.0467,0.051,0.1759,-0.2835,-0.0004,0.0793,0.0039,0.048,-0.0481
1776326409.04283,0.043,0.1371,0.0,0.0041,-0.0802,0.0127,0.0463,-0.0467,0.0501,0.182,-0.2964,0.0009,0.0859,0.0058,0.048,-0.0481
1776326409.292186,0.0454,0.1386,0.0,0.0046,-0.0803,0.0128,0.0463,-0.0467,0.0407,0.2374,-0.4015,0.0007,0.1328,0.0183,0.0481,-0.0481
1776326409.292884,0.0459,0.1386,0.0,0.0047,-0.0793,0.0128,0.0462,-0.0467,0.0333,0.2592,-0.4368,-0.001,0.147,0.024,0.0481,-0.0481
1776326409.5464387,0.0473,0.1387,0.0,0.0052,-0.0768,0.0128,0.0462,-0.0466,0.0127,0.3217,-0.5392,-0.0041,0.1875,0.0399,0.048,-0.048
1776326409.5468938,0.0473,0.1387,0.0,0.0052,-0.0768,0.0128,0.0462,-0.0466,0.0127,0.3217,-0.5392,-0.0041,0.1875,0.0399,0.048,-0.048
1776326409.795636,0.0488,0.1382,0.0,0.0048,-0.0754,0.0129,0.0463,-0.0466,-0.0029,0.3938,-0.6439,-0.0065,0.2189,0.0503,0.0479,-0.048
1776326409.7961872,0.0488,0.1382,0.0,0.0048,-0.0754,0.0129,0.0463,-0.0466,-0.0029,0.3938,-0.6439,-0.0065,0.2189,0.0503,0.0479,-0.048
1776326410.0496464,0.0468,0.1366,0.0,0.0054,-0.0727,0.0134,0.0463,-0.0466,-0.0091,0.4673,-0.726,0.009,0.2268,0.0463,0.0479,-0.048
1776326410.0508661,0.0458,0.1357,-0.0003,0.0059,-0.0716,0.0135,0.0463,-0.0466,-0.0108,0.5002,-0.7613,0.0178,0.2319,0.0382,0.048,-0.048
1776326410.2909775,0.0451,0.1344,-0.0008,0.0068,-0.0704,0.0134,0.0463,-0.0466,-0.0129,0.5399,-0.8036,0.0279,0.24,0.0257,0.0479,-0.048
1776326410.2916725,0.045,0.1342,-0.0009,0.0069,-0.0702,0.0134,0.0463,-0.0466,-0.0132,0.5462,-0.8102,0.0295,0.2413,0.0237,0.0479,-0.048
1776326410.544077,0.0456,0.1337,0.0,0.0072,-0.0707,0.0135,0.0462,-0.0467,-0.0216,0.6047,-0.871,0.0443,0.2554,0.0076,0.048,-0.048
1776326410.5448432,0.0455,0.1337,0.0,0.0072,-0.0708,0.0134,0.0461,-0.0467,-0.0216,0.6116,-0.8776,0.0469,0.2557,0.0048,0.0481,-0.048
1776326410.7922297,0.045,0.1334,0.0,0.0069,-0.0717,0.0131,0.0461,-0.0466,-0.0214,0.6586,-0.9246,0.0632,0.2576,-0.0144,0.0482,-0.0481
1776326410.7926831,0.045,0.1334,0.0,0.0069,-0.0717,0.0131,0.0461,-0.0466,-0.0214,0.6586,-0.9246,0.0632,0.2576,-0.0144,0.0482,-0.0481
1776326411.0521474,0.0451,0.133,0.0,0.0069,-0.0717,0.013,0.0461,-0.0466,-0.0254,0.707,-0.9713,0.0822,0.2542,-0.0343,0.0482,-0.0481
1776326411.052814,0.0451,0.133,0.0,0.007,-0.0716,0.013,0.0461,-0.0466,-0.026,0.7111,-0.9748,0.084,0.2536,-0.0359,0.0482,-0.0481
1776326411.3287654,0.0488,0.1338,0.0,0.0072,-0.0732,0.0131,0.0462,-0.0466,-0.0294,0.752,-1.0092,0.1004,0.2497,-0.0502,0.0483,-0.0482
1776326411.329748,0.0485,0.1342,0.0,0.007,-0.0734,0.0134,0.0462,-0.0466,-0.0293,0.758,-1.0127,0.1029,0.2474,-0.0508,0.0483,-0.0482
1776326411.578565,0.0479,0.1352,0.0,0.0069,-0.074,0.0143,0.0462,-0.0466,-0.0288,0.7744,-1.0222,0.1112,0.241,-0.0523,0.0484,-0.0483
1776326411.5790205,0.0479,0.1352,0.0,0.0069,-0.074,0.0143,0.0462,-0.0466,-0.0288,0.7744,-1.0222,0.1112,0.241,-0.0523,0.0484,-0.0483
1776326411.8357522,0.0475,0.1358,0.0,0.0068,-0.0744,0.0149,0.0463,-0.0467,-0.0285,0.7845,-1.028,0.1163,0.2371,-0.0532,0.0484,-0.0483
1776326411.8366973,0.0475,0.1359,0.0,0.0068,-0.0744,0.0149,0.0463,-0.0467,-0.0285,0.7857,-1.0287,0.117,0.2367,-0.0533,0.0485,-0.0483
1776326412.104941,0.0444,0.1452,-0.0019,0.0087,-0.0793,0.0153,0.0465,-0.0467,-0.0065,0.8876,-1.1304,0.1597,0.2793,-0.0994,0.0484,-0.0485
1776326412.1058328,0.0448,0.1464,-0.0021,0.0094,-0.0798,0.0156,0.0465,-0.0467,-0.0037,0.9001,-1.1418,0.1659,0.2853,-0.1071,0.0484,-0.0485
1776326412.359977,0.0454,0.1506,-0.0035,0.0113,-0.0812,0.016,0.0465,-0.0468,0.0035,0.9399,-1.178,0.1859,0.3025,-0.1303,0.0483,-0.0485
1776326412.3608956,0.0454,0.1516,-0.0039,0.0114,-0.0815,0.016,0.0466,-0.0468,0.0044,0.9486,-1.1859,0.1904,0.3057,-0.1349,0.0482,-0.0485
1776326412.609367,0.0455,0.1544,-0.0039,0.0117,-0.0824,0.016,0.0467,-0.0468,0.004,0.9803,-1.2118,0.2046,0.3104,-0.1507,0.0481,-0.0484
1776326412.6098106,0.0455,0.1544,-0.0039,0.0117,-0.0824,0.016,0.0467,-0.0468,0.004,0.9803,-1.2118,0.2046,0.3104,-0.1507,0.0481,-0.0484
1776326412.861174,0.0453,0.1565,-0.0056,0.0122,-0.0831,0.0155,0.0468,-0.0468,0.0004,1.0201,-1.2455,0.2217,0.3145,-0.1685,0.0479,-0.0483
1776326412.8617098,0.0453,0.1565,-0.0056,0.0122,-0.0831,0.0155,0.0468,-0.0468,0.0004,1.0201,-1.2455,0.2217,0.3145,-0.1685,0.0479,-0.0483
1776326413.0970156,0.0449,0.1577,-0.0062,0.0123,-0.0818,0.0158,0.0467,-0.0468,-0.0058,1.0487,-1.269,0.236,0.3224,-0.1814,0.0479,-0.0483
1776326413.0978456,0.0445,0.1579,-0.0071,0.0123,-0.0819,0.0158,0.0467,-0.0468,-0.007,1.0565,-1.275,0.2387,0.3239,-0.1839,0.0479,-0.0483
1776326413.3339715,0.0436,0.1584,-0.0089,0.0125,-0.082,0.0158,0.0467,-0.0468,-0.0094,1.0713,-1.2863,0.244,0.3266,-0.1888,0.0479,-0.0483
1776326413.3347645,0.0433,0.1585,-0.0095,0.0125,-0.0821,0.0159,0.0467,-0.0469,-0.0102,1.0757,-1.2898,0.2456,0.3274,-0.1902,0.048,-0.0483
1776326413.5877166,0.0452,0.1584,-0.0102,0.0123,-0.0826,0.016,0.0467,-0.0469,-0.0145,1.0876,-1.3003,0.2565,0.3294,-0.1969,0.0481,-0.0484
1776326413.588854,0.0457,0.1584,-0.0104,0.0122,-0.0827,0.016,0.0467,-0.0468,-0.0155,1.0904,-1.3028,0.2592,0.3299,-0.1985,0.0481,-0.0484
1776326413.8264422,0.0459,0.1591,-0.0114,0.0123,-0.0822,0.0158,0.0466,-0.0467,-0.0147,1.0994,-1.3047,0.265,0.3289,-0.2029,0.0482,-0.0486
1776326413.826822,0.0459,0.1591,-0.0114,0.0123,-0.0822,0.0158,0.0466,-0.0467,-0.0147,1.0994,-1.3047,0.265,0.3289,-0.2029,0.0482,-0.0486
1776326414.0742877,0.0472,0.1607,-0.0131,0.0124,-0.0811,0.0156,0.0466,-0.0467,-0.0108,1.1109,-1.3073,0.2706,0.3263,-0.2088,0.0481,-0.0485
1776326414.0747416,0.0472,0.1607,-0.0131,0.0124,-0.0811,0.0156,0.0466,-0.0467,-0.0108,1.1109,-1.3073,0.2706,0.3263,-0.2088,0.0481,-0.0485
1776326414.3260655,0.0489,0.1586,-0.014,0.0119,-0.0811,0.0156,0.0466,-0.0467,-0.0091,1.1292,-1.3175,0.2781,0.3234,-0.2197,0.048,-0.0483
1776326414.3267338,0.0492,0.1581,-0.0142,0.0117,-0.0811,0.0156,0.0466,-0.0467,-0.0089,1.1322,-1.3192,0.2793,0.3229,-0.2215,0.048,-0.0483
1776326414.5739272,0.0489,0.1596,-0.0143,0.012,-0.082,0.0159,0.0466,-0.0467,-0.0054,1.1418,-1.3221,0.2838,0.3207,-0.2271,0.0479,-0.0483
1776326414.5748653,0.049,0.1601,-0.0145,0.012,-0.0817,0.016,0.0466,-0.0467,-0.0048,1.1437,-1.3222,0.2845,0.3208,-0.2275,0.0479,-0.0482
1776326414.8161461,0.0492,0.1624,-0.0153,0.0122,-0.0805,0.0163,0.0465,-0.0467,-0.0018,1.1539,-1.3223,0.2903,0.3209,-0.2295,0.0477,-0.0481
1776326414.8167968,0.0484,0.163,-0.0159,0.0122,-0.0804,0.0163,0.0465,-0.0467,-0.0001,1.1575,-1.3235,0.291,0.3204,-0.2299,0.0478,-0.0482
1776326415.0466657,0.0469,0.1642,-0.0171,0.0123,-0.0801,0.0162,0.0465,-0.0468,0.0032,1.1644,-1.3257,0.2919,0.3195,-0.2307,0.0478,-0.0483
1776326415.0477774,0.0466,0.1644,-0.0173,0.0124,-0.0801,0.0162,0.0465,-0.0468,0.0037,1.1655,-1.3261,0.292,0.3193,-0.2308,0.0479,-0.0484
1776326415.2923684,0.0466,0.1651,-0.017,0.0127,-0.0807,0.0159,0.0464,-0.0467,0.0084,1.171,-1.3243,0.2907,0.3178,-0.2329,0.0475,-0.048
1776326415.292772,0.0466,0.1651,-0.017,0.0127,-0.0807,0.0159,0.0464,-0.0467,0.0084,1.171,-1.3243,0.2907,0.3178,-0.2329,0.0475,-0.048
1776326415.5164983,0.0485,0.1642,-0.0141,0.0129,-0.0816,0.0161,0.0464,-0.0467,0.0065,1.1733,-1.3255,0.3003,0.3326,-0.2365,0.0364,-0.0369
1776326415.5169952,0.0487,0.1641,-0.0138,0.0129,-0.0817,0.0161,0.0464,-0.0467,0.0063,1.1736,-1.3257,0.3013,0.3341,-0.2369,0.0353,-0.0357
1776326415.7590203,0.0475,0.1656,-0.0126,0.0132,-0.0832,0.0163,0.0467,-0.0468,-0.0047,1.1846,-1.3438,0.3474,0.3661,-0.2693,0.0251,-0.0254
1776326415.7599819,0.0474,0.1652,-0.0125,0.0132,-0.0835,0.0165,0.0468,-0.0469,-0.0073,1.1858,-1.3459,0.3566,0.373,-0.2761,0.0244,-0.0245
1776326416.017228,0.0467,0.1647,-0.0122,0.0132,-0.0841,0.0167,0.0469,-0.047,-0.0138,1.1882,-1.3527,0.3745,0.3899,-0.2917,0.0242,-0.0232
1776326416.0178783,0.0458,0.165,-0.0115,0.0132,-0.0845,0.0168,0.0469,-0.047,-0.0161,1.1888,-1.3557,0.381,0.3964,-0.2973,0.0241,-0.0227
1776326416.2664878,0.0444,0.1661,-0.0117,0.0134,-0.0856,0.0171,0.0469,-0.0469,-0.0217,1.1919,-1.3635,0.393,0.4108,-0.3105,0.024,-0.0219
1776326416.266866,0.0444,0.1661,-0.0117,0.0134,-0.0856,0.0171,0.0469,-0.0469,-0.0217,1.1919,-1.3635,0.393,0.4108,-0.3105,0.024,-0.0219
1776326416.5162742,0.0435,0.1683,-0.0133,0.0134,-0.0853,0.0179,0.0468,-0.0468,-0.0205,1.1889,-1.3628,0.3906,0.4161,-0.3154,0.024,-0.0216
1776326416.5168414,0.0435,0.1683,-0.0133,0.0134,-0.0853,0.0179,0.0468,-0.0468,-0.0205,1.1889,-1.3628,0.3906,0.4161,-0.3154,0.024,-0.0216
1776326416.7643652,0.0438,0.1694,-0.0131,0.0143,-0.0861,0.0178,0.0467,-0.0469,-0.0232,1.1838,-1.3611,0.3897,0.4219,-0.3195,0.024,-0.0213
1776326416.7647932,0.0438,0.1694,-0.0131,0.0143,-0.0861,0.0178,0.0467,-0.0469,-0.0232,1.1838,-1.3611,0.3897,0.4219,-0.3195,0.024,-0.0213
1776326417.0016994,0.0404,0.1698,-0.0153,0.0138,-0.086,0.0181,0.0467,-0.0468,-0.0347,1.1792,-1.3566,0.4031,0.4232,-0.317,0.0226,-0.0211
1776326417.0029023,0.0401,0.17,-0.0155,0.0138,-0.0859,0.0181,0.0467,-0.0468,-0.0355,1.1789,-1.3558,0.4029,0.4225,-0.3157,0.0225,-0.0211
1776326417.2573743,0.0383,0.1709,-0.0168,0.0141,-0.0859,0.0185,0.0467,-0.0468,-0.0415,1.1732,-1.3511,0.4026,0.4206,-0.3096,0.022,-0.0212
1776326417.257884,0.0383,0.1709,-0.0168,0.0141,-0.0859,0.0185,0.0467,-0.0468,-0.0415,1.1732,-1.3511,0.4026,0.4206,-0.3096,0.022,-0.0212
1776326417.490907,0.0383,0.1702,-0.0175,0.0147,-0.0866,0.0188,0.0467,-0.0468,-0.0503,1.1639,-1.3514,0.4108,0.4229,-0.3063,0.0215,-0.0216
1776326417.491962,0.0383,0.1701,-0.0175,0.0148,-0.0867,0.0188,0.0467,-0.0468,-0.0514,1.1628,-1.3517,0.4119,0.4233,-0.3059,0.0215,-0.0216
1776326417.7411537,0.0383,0.171,-0.018,0.0153,-0.0869,0.0193,0.0468,-0.0469,-0.055,1.1446,-1.3492,0.4047,0.4239,-0.3041,0.021,-0.0217
1776326417.7418327,0.0384,0.171,-0.0186,0.0154,-0.0871,0.0195,0.0468,-0.0469,-0.0558,1.1361,-1.3478,0.3992,0.423,-0.2997,0.0209,-0.0217
1776326417.987396,0.0387,0.1711,-0.02,0.0159,-0.0877,0.0198,0.0468,-0.0469,-0.0583,1.114,-1.3458,0.3865,0.4225,-0.2894,0.0208,-0.0218
1776326417.987844,0.0387,0.1711,-0.02,0.0159,-0.0877,0.0198,0.0468,-0.0469,-0.0583,1.114,-1.3458,0.3865,0.4225,-0.2894,0.0208,-0.0218
1776326418.2460103,0.0401,0.1713,-0.0212,0.0165,-0.0891,0.0199,0.0468,-0.0469,-0.0614,1.0728,-1.3515,0.3687,0.4344,-0.2748,0.0208,-0.0219
1776326418.246792,0.0402,0.1712,-0.0212,0.0165,-0.0892,0.0199,0.0468,-0.0469,-0.0615,1.0692,-1.3522,0.3669,0.4357,-0.2734,0.0208,-0.0219
1776326418.4843404,0.0406,0.1705,-0.0211,0.0166,-0.0893,0.0198,0.0468,-0.0469,-0.0621,1.0421,-1.3508,0.3506,0.4378,-0.2578,0.0207,-0.0219
1776326418.4847243,0.0407,0.1703,-0.021,0.0166,-0.0892,0.0197,0.0468,-0.0468,-0.0625,1.0307,-1.3496,0.3434,0.4376,-0.2506,0.0207,-0.0219
1776326418.7271433,0.0417,0.17,-0.0207,0.0168,-0.0887,0.0197,0.0467,-0.0468,-0.0646,0.9945,-1.3521,0.3164,0.4435,-0.2291,0.0207,-0.022
1776326418.727839,0.0419,0.17,-0.0207,0.0168,-0.0887,0.0197,0.0467,-0.0467,-0.0648,0.9904,-1.3527,0.3131,0.4445,-0.2267,0.0207,-0.022
1776326418.979806,0.0418,0.1695,-0.0207,0.0165,-0.0884,0.0193,0.0467,-0.0467,-0.0673,0.9566,-1.359,0.2854,0.4578,-0.2012,0.0207,-0.0221
1776326418.9809852,0.0426,0.1702,-0.0205,0.0165,-0.0888,0.0194,0.0466,-0.0467,-0.0634,0.9473,-1.3581,0.2758,0.4604,-0.1956,0.0207,-0.022
1776326419.2338133,0.0443,0.1714,-0.0203,0.0166,-0.0893,0.0195,0.0466,-0.0467,-0.0535,0.9233,-1.3558,0.2497,0.4666,-0.1802,0.0207,-0.022
1776326419.2347715,0.0444,0.1713,-0.0202,0.0165,-0.089,0.0195,0.0466,-0.0467,-0.0494,0.9121,-1.3551,0.2371,0.469,-0.1718,0.0207,-0.022
1776326419.4861615,0.0451,0.1714,-0.0194,0.016,-0.0884,0.0198,0.0467,-0.0466,-0.0418,0.8823,-1.3584,0.2003,0.4786,-0.1472,0.0207,-0.0221
1776326419.4868298,0.0452,0.1714,-0.0193,0.016,-0.0883,0.0199,0.0467,-0.0466,-0.0413,0.879,-1.3593,0.196,0.48,-0.1443,0.0207,-0.0221
1776326419.7679691,0.0473,0.1704,-0.0184,0.0165,-0.088,0.0204,0.0466,-0.0466,-0.0297,0.859,-1.3599,0.1713,0.4888,-0.1282,0.0207,-0.022
1776326419.7687569,0.0479,0.17,-0.0183,0.0168,-0.088,0.0205,0.0466,-0.0466,-0.0264,0.8547,-1.3596,0.1662,0.4907,-0.1249,0.0208,-0.022
1776326420.0076907,0.0477,0.1714,-0.0194,0.0165,-0.0883,0.0204,0.0466,-0.0466,-0.0161,0.8418,-1.3591,0.1473,0.5033,-0.1179,0.0207,-0.022
1776326420.0087857,0.0477,0.1712,-0.0191,0.0165,-0.0882,0.0203,0.0466,-0.0466,-0.0127,0.8377,-1.3602,0.1422,0.5082,-0.1161,0.0207,-0.022
1776326420.2479842,0.048,0.1713,-0.0185,0.0155,-0.0875,0.0194,0.0466,-0.0466,0.0049,0.816,-1.3669,0.1141,0.5335,-0.1069,0.0207,-0.022
1776326420.2488697,0.0482,0.172,-0.0191,0.0152,-0.0872,0.0193,0.0466,-0.0466,0.0149,0.806,-1.3672,0.0978,0.5425,-0.0982,0.0207,-0.022
1776326420.4902816,0.0492,0.1742,-0.0209,0.0146,-0.087,0.0193,0.0467,-0.0466,0.0435,0.7797,-1.363,0.0523,0.5641,-0.0735,0.0207,-0.022
1776326420.4909651,0.0496,0.175,-0.0215,0.0145,-0.0872,0.0194,0.0467,-0.0467,0.0524,0.7721,-1.3604,0.0385,0.5699,-0.0659,0.0207,-0.022
1776326420.7306669,0.0501,0.1753,-0.0213,0.0148,-0.0867,0.0197,0.0467,-0.0467,0.0753,0.753,-1.3474,0.0151,0.5826,-0.0517,0.0207,-0.022
1776326420.731931,0.0502,0.1751,-0.0207,0.0152,-0.0861,0.0198,0.0468,-0.0468,0.0875,0.7431,-1.3387,0.0061,0.5887,-0.0457,0.0207,-0.022
1776326420.9874265,0.0502,0.1737,-0.0197,0.0157,-0.0844,0.0198,0.0468,-0.0468,0.1176,0.7218,-1.3302,-0.0134,0.603,-0.0304,0.0207,-0.022
1776326420.987798,0.0502,0.1737,-0.0197,0.0157,-0.0844,0.0198,0.0468,-0.0468,0.1176,0.7218,-1.3302,-0.0134,0.603,-0.0304,0.0207,-0.022
1776326421.2298007,0.0487,0.1723,-0.0197,0.0157,-0.0826,0.0203,0.0469,-0.0469,0.1677,0.6862,-1.3083,-0.0489,0.6176,-0.0101,0.0206,-0.022
1776326421.2307746,0.0485,0.1722,-0.0193,0.0157,-0.0826,0.0203,0.0469,-0.0469,0.1731,0.6823,-1.3066,-0.0532,0.6206,-0.007,0.0206,-0.022
1776326421.4598458,0.0477,0.1718,-0.0176,0.0157,-0.0822,0.0208,0.0469,-0.0468,0.2019,0.6622,-1.2957,-0.0736,0.6373,0.009,0.0206,-0.0221
1776326421.4608629,0.0475,0.1718,-0.0176,0.016,-0.082,0.0211,0.0469,-0.0468,0.2081,0.6582,-1.292,-0.0767,0.6412,0.0122,0.0206,-0.0221
1776326421.7277672,0.047,0.1715,-0.0184,0.0169,-0.0819,0.0216,0.0469,-0.0469,0.2211,0.6517,-1.2815,-0.0788,0.6436,0.0152,0.0206,-0.022
1776326421.7287064,0.0469,0.1713,-0.0189,0.0172,-0.0821,0.0217,0.0469,-0.0469,0.224,0.6508,-1.2781,-0.0779,0.6424,0.0147,0.0206,-0.022
1776326421.9906318,0.0473,0.1719,-0.0186,0.0171,-0.0832,0.0207,0.0468,-0.0469,0.2323,0.6404,-1.2576,-0.0752,0.6367,0.0121,0.0205,-0.022
1776326421.991102,0.0473,0.1719,-0.0186,0.0171,-0.0832,0.0207,0.0468,-0.0469,0.2323,0.6404,-1.2576,-0.0752,0.6367,0.0121,0.0205,-0.022
1776326422.2258022,0.0476,0.1722,-0.0184,0.0167,-0.0839,0.0201,0.0468,-0.0469,0.2375,0.6338,-1.2446,-0.0735,0.6332,0.0105,0.0205,-0.0221
1776326422.2267659,0.0476,0.1723,-0.0184,0.0166,-0.0841,0.02,0.0468,-0.0469,0.2384,0.6327,-1.2424,-0.0732,0.6326,0.0103,0.0205,-0.0221
1776326422.474281,0.0567,0.1682,-0.0151,0.0185,-0.0822,0.0205,0.0468,-0.0467,0.2867,0.6513,-1.2125,0.0003,0.6272,-0.0373,0.0206,-0.0219
1776326422.4746675,0.0567,0.1682,-0.0151,0.0185,-0.0822,0.0205,0.0468,-0.0467,0.2867,0.6513,-1.2125,0.0003,0.6272,-0.0373,0.0206,-0.0219
1776326422.7126424,0.065,0.1667,-0.0134,0.0195,-0.081,0.0202,0.0467,-0.0466,0.3283,0.6691,-1.1866,0.0596,0.6169,-0.0753,0.0207,-0.0218
1776326422.7138543,0.0679,0.1674,-0.013,0.0196,-0.0819,0.0204,0.0467,-0.0466,0.3421,0.6753,-1.1798,0.0781,0.6141,-0.088,0.0207,-0.0218
1776326422.9552178,0.0722,0.1706,-0.0126,0.0208,-0.0862,0.0215,0.0467,-0.0466,0.3614,0.6855,-1.1751,0.1025,0.6131,-0.1071,0.0206,-0.0219
1776326422.9556842,0.0722,0.1706,-0.0126,0.0208,-0.0862,0.0215,0.0467,-0.0466,0.3614,0.6855,-1.1751,0.1025,0.6131,-0.1071,0.0206,-0.0219
1776326423.1924903,0.0754,0.1694,-0.0085,0.0201,-0.0888,0.0192,0.0466,-0.0464,0.3853,0.7052,-1.1652,0.1361,0.6079,-0.1249,0.0207,-0.0219
1776326423.1929162,0.0754,0.1694,-0.0085,0.0201,-0.0888,0.0192,0.0466,-0.0464,0.3853,0.7052,-1.1652,0.1361,0.6079,-0.1249,0.0207,-0.0219
1776326423.4359643,0.0744,0.1675,-0.0071,0.018,-0.0893,0.0177,0.0466,-0.0464,0.3927,0.7164,-1.161,0.1545,0.6063,-0.1291,0.0208,-0.0219
1776326423.4368749,0.0739,0.1663,-0.007,0.0176,-0.0885,0.0174,0.0466,-0.0464,0.3962,0.7213,-1.1601,0.1598,0.6049,-0.1304,0.0208,-0.0219
1776326423.7078636,0.068,0.1495,-0.0112,0.017,-0.0785,0.0171,0.0466,-0.0464,0.4018,0.7408,-1.1559,0.1797,0.5971,-0.1318,0.0209,-0.0219
1776326423.7087927,0.0664,0.1449,-0.0125,0.0171,-0.0758,0.0171,0.0466,-0.0464,0.4022,0.7448,-1.1549,0.1838,0.5952,-0.1317,0.0209,-0.0218
1776326423.9528515,0.0702,0.1485,-0.0145,0.0163,-0.078,0.0167,0.0466,-0.0463,0.4063,0.7502,-1.1455,0.195,0.5857,-0.1254,0.0209,-0.0218
1776326423.9538295,0.0702,0.1484,-0.0152,0.0166,-0.0783,0.0169,0.0466,-0.0463,0.406,0.7499,-1.1442,0.1964,0.5847,-0.1247,0.0208,-0.0218
1776326424.2135274,0.066,0.1436,-0.0198,0.0179,-0.0767,0.0188,0.0466,-0.0464,0.4034,0.7492,-1.1386,0.2002,0.58,-0.1213,0.0208,-0.0219
1776326424.213964,0.066,0.1436,-0.0198,0.0179,-0.0767,0.0188,0.0466,-0.0464,0.4034,0.7492,-1.1386,0.2002,0.58,-0.1213,0.0208,-0.0219
1776326424.4544299,0.0328,0.1062,-0.0444,0.0283,-0.0548,0.0278,0.0465,-0.0463,0.3933,0.75,-1.131,0.1958,0.571,-0.1169,0.0209,-0.0218
1776326424.4548736,0.0328,0.1062,-0.0444,0.0283,-0.0548,0.0278,0.0465,-0.0463,0.3933,0.75,-1.131,0.1958,0.571,-0.1169,0.0209,-0.0218
1776326424.6889007,0.0092,0.0869,-0.06,0.036,-0.0449,0.0371,0.0465,-0.0463,0.3896,0.7512,-1.1295,0.196,0.5644,-0.1146,0.0209,-0.0218
1776326424.6898556,0.0014,0.0822,-0.0643,0.0403,-0.043,0.0406,0.0465,-0.0463,0.3887,0.7516,-1.1294,0.1964,0.5617,-0.1138,0.0209,-0.0219
1776326424.9295247,-0.0448,0.0615,-0.0951,0.0581,-0.0172,0.0577,0.0466,-0.0464,0.3794,0.7536,-1.1315,0.1978,0.5589,-0.1118,0.0208,-0.0219
1776326424.9298973,-0.0448,0.0615,-0.0951,0.0581,-0.0172,0.0577,0.0466,-0.0464,0.3794,0.7536,-1.1315,0.1978,0.5589,-0.1118,0.0208,-0.0219
1776326425.1692033,-0.1141,0.0392,-0.1598,0.0831,0.0599,0.0547,0.0468,-0.0465,0.3729,0.7585,-1.133,0.199,0.5582,-0.1135,0.0208,-0.0219
1776326425.1698716,-0.1371,0.0342,-0.1798,0.0874,0.0817,0.0553,0.0468,-0.0465,0.3709,0.7591,-1.1352,0.198,0.5594,-0.1125,0.0208,-0.0219
1776326425.4180548,-0.1962,0.0224,-0.227,0.0994,0.1328,0.0569,0.0469,-0.0465,0.3662,0.76,-1.1403,0.1959,0.562,-0.1106,0.0208,-0.0219
1776326425.4187078,-0.2237,0.0184,-0.2424,0.1018,0.1502,0.0577,0.0469,-0.0465,0.3647,0.7599,-1.1418,0.1956,0.5621,-0.1103,0.0209,-0.0218
1776326425.6527019,-0.3136,0.009,-0.2911,0.1069,0.2091,0.0728,0.0469,-0.0465,0.358,0.7601,-1.1478,0.1945,0.5668,-0.1099,0.0209,-0.0218
1776326425.6537766,-0.3251,0.0081,-0.2972,0.1076,0.2168,0.0756,0.0469,-0.0465,0.3571,0.7602,-1.1487,0.1943,0.5677,-0.11,0.0209,-0.0218
1776326425.9134903,-0.3956,0.0072,-0.3243,0.1028,0.25,0.0937,0.047,-0.0465,0.3539,0.7584,-1.1521,0.1903,0.573,-0.1102,0.0209,-0.0218
1776326425.913877,-0.3956,0.0072,-0.3243,0.1028,0.25,0.0937,0.047,-0.0465,0.3539,0.7584,-1.1521,0.1903,0.573,-0.1102,0.0209,-0.0218
1776326426.1652882,-0.5099,0.0095,-0.3492,0.0837,0.2767,0.1215,0.0471,-0.0466,0.3489,0.752,-1.151,0.1813,0.5792,-0.1113,0.0209,-0.0218
1776326426.1657288,-0.5099,0.0095,-0.3492,0.0837,0.2767,0.1215,0.0471,-0.0466,0.3489,0.752,-1.151,0.1813,0.5792,-0.1113,0.0209,-0.0218
1776326426.4170787,-0.5954,0.0166,-0.3534,0.0698,0.2668,0.1388,0.0471,-0.0467,0.3433,0.7445,-1.1448,0.1759,0.5815,-0.1117,0.0209,-0.0217
1776326426.417732,-0.6147,0.0193,-0.3521,0.0658,0.2628,0.1414,0.0471,-0.0467,0.3427,0.743,-1.143,0.1764,0.5818,-0.111,0.0209,-0.0217
1776326426.644866,-0.6669,0.0245,-0.3504,0.0565,0.2548,0.1532,0.047,-0.0467,0.3417,0.7405,-1.1387,0.177,0.5825,-0.1079,0.0209,-0.0217
1776326426.645818,-0.6824,0.0255,-0.3503,0.0545,0.2531,0.1579,0.0471,-0.0468,0.3415,0.7402,-1.1376,0.1769,0.5826,-0.1066,0.0209,-0.0217
1776326426.8916557,-0.7327,0.0339,-0.3451,0.0492,0.24,0.168,0.047,-0.0467,0.3385,0.738,-1.1359,0.1765,0.5839,-0.1049,0.0209,-0.0217
1776326426.8928485,-0.7501,0.0378,-0.3421,0.0474,0.2334,0.1695,0.047,-0.0467,0.3372,0.7372,-1.1353,0.1758,0.5841,-0.1052,0.0209,-0.0217
1776326427.137724,-0.7644,0.0412,-0.3395,0.0455,0.2275,0.17,0.047,-0.0467,0.3362,0.7367,-1.1348,0.1751,0.584,-0.1056,0.0209,-0.0217
1776326427.1388903,-0.7834,0.0459,-0.3359,0.045,0.2166,0.1689,0.047,-0.0468,0.335,0.7362,-1.1335,0.1741,0.5852,-0.1069,0.021,-0.0217
1776326427.3635654,-0.8048,0.0514,-0.3318,0.0457,0.202,0.1661,0.047,-0.0468,0.3336,0.7358,-1.1317,0.1728,0.5875,-0.1088,0.021,-0.0217
1776326427.3639705,-0.8048,0.0514,-0.3318,0.0457,0.202,0.1661,0.047,-0.0468,0.3336,0.7358,-1.1317,0.1728,0.5875,-0.1088,0.021,-0.0217
1776326427.6181324,-0.8238,0.062,-0.3335,0.0484,0.1894,0.1642,0.0469,-0.0468,0.3339,0.734,-1.1314,0.1717,0.591,-0.1105,0.021,-0.0216
1776326427.618696,-0.8238,0.062,-0.3335,0.0484,0.1894,0.1642,0.0469,-0.0468,0.3339,0.734,-1.1314,0.1717,0.591,-0.1105,0.021,-0.0216
1776326427.875212,-0.8415,0.0825,-0.3284,0.0523,0.1541,0.1502,0.047,-0.0468,0.3344,0.7285,-1.1257,0.168,0.5948,-0.1114,0.021,-0.0217
1776326427.875863,-0.8421,0.0853,-0.3281,0.0524,0.1495,0.1479,0.047,-0.0468,0.3345,0.7279,-1.1253,0.1676,0.5952,-0.1113,0.021,-0.0217
1776326428.114401,-0.8382,0.1012,-0.3298,0.0534,0.128,0.1365,0.0469,-0.0468,0.3349,0.7239,-1.124,0.165,0.5969,-0.11,0.0209,-0.0217
1776326428.1147985,-0.8382,0.1012,-0.3298,0.0534,0.128,0.1365,0.0469,-0.0468,0.3349,0.7239,-1.124,0.165,0.5969,-0.11,0.0209,-0.0217
1776326428.3559952,-0.8313,0.1195,-0.328,0.0558,0.102,0.1219,0.0469,-0.0468,0.3363,0.7181,-1.1199,0.1617,0.5994,-0.106,0.021,-0.0217
1776326428.356925,-0.8293,0.1226,-0.3283,0.0559,0.0991,0.1202,0.0469,-0.0468,0.3385,0.7157,-1.1199,0.1593,0.6011,-0.1045,0.0209,-0.0217
1776326428.5984375,-0.8253,0.1287,-0.3289,0.0577,0.0935,0.117,0.047,-0.0469,0.3427,0.711,-1.1201,0.1546,0.6043,-0.1017,0.0209,-0.0217
1776326428.5989633,-0.8253,0.1287,-0.3289,0.0577,0.0935,0.117,0.047,-0.0469,0.3427,0.711,-1.1201,0.1546,0.6043,-0.1017,0.0209,-0.0217
1776326428.8521209,-0.8211,0.1466,-0.3326,0.0585,0.0797,0.1071,0.047,-0.047,0.3449,0.7,-1.1153,0.1464,0.6076,-0.0993,0.0209,-0.0217
1776326428.8527703,-0.8195,0.153,-0.334,0.0589,0.0746,0.1039,0.047,-0.047,0.346,0.698,-1.1148,0.144,0.6076,-0.0982,0.0209,-0.0217
1776326429.0760899,-0.8154,0.1738,-0.3354,0.0618,0.0551,0.0927,0.047,-0.0471,0.3493,0.6915,-1.1117,0.1378,0.6078,-0.094,0.0209,-0.0217
1776326429.076974,-0.815,0.1764,-0.3354,0.0624,0.0524,0.0912,0.047,-0.0471,0.3497,0.6907,-1.1113,0.1372,0.6079,-0.0934,0.0209,-0.0217
1776326429.3319795,-0.8104,0.193,-0.3377,0.0661,0.0376,0.083,0.047,-0.0471,0.3508,0.6861,-1.1107,0.1337,0.6102,-0.0914,0.0209,-0.0217
1776326429.3326788,-0.8083,0.1995,-0.3391,0.0673,0.0322,0.08,0.047,-0.0471,0.351,0.6843,-1.1109,0.1324,0.6114,-0.0909,0.0209,-0.0217
1776326429.5956392,-0.8037,0.2232,-0.3413,0.0736,0.0085,0.0682,0.0469,-0.047,0.3494,0.6792,-1.1088,0.1276,0.6121,-0.0895,0.0209,-0.0217
1776326429.5968337,-0.8001,0.2333,-0.3449,0.0758,0.0,0.0632,0.047,-0.047,0.3484,0.6762,-1.1071,0.1242,0.6115,-0.0887,0.0209,-0.0217
1776326429.84679,-0.7973,0.2413,-0.3478,0.0768,-0.0067,0.0593,0.047,-0.0471,0.3476,0.6739,-1.1058,0.1216,0.6111,-0.0881,0.0209,-0.0217
1776326429.8477728,-0.7957,0.2456,-0.3494,0.0773,-0.0103,0.0571,0.047,-0.0471,0.3472,0.6726,-1.1051,0.1202,0.6108,-0.0878,0.0209,-0.0217
1776326430.074709,-0.7896,0.2755,-0.3595,0.0808,-0.0299,0.0471,0.0469,-0.0469,0.3464,0.6677,-1.1069,0.1143,0.6129,-0.0856,0.0208,-0.0217
1776326430.0757751,-0.7889,0.2798,-0.3609,0.0815,-0.0324,0.046,0.0469,-0.0469,0.3471,0.6668,-1.1074,0.1133,0.6135,-0.0853,0.0208,-0.0217
1776326430.3225296,-0.7867,0.3006,-0.3662,0.0856,-0.0455,0.0405,0.0469,-0.0469,0.3503,0.6632,-1.1086,0.1087,0.6157,-0.0833,0.0208,-0.0218
1776326430.3229094,-0.7867,0.3006,-0.3662,0.0856,-0.0455,0.0405,0.0469,-0.0469,0.3503,0.6632,-1.1086,0.1087,0.6157,-0.0833,0.0208,-0.0218
1776326430.5506983,-0.7836,0.3491,-0.3712,0.0984,-0.0804,0.0282,0.0467,-0.0468,0.3551,0.6586,-1.1065,0.1003,0.6155,-0.0791,0.0209,-0.0217
1776326430.552015,-0.7831,0.3537,-0.3716,0.0995,-0.0835,0.0272,0.0467,-0.0468,0.3554,0.6581,-1.1064,0.0996,0.6155,-0.0789,0.0209,-0.0217
1776326430.793835,-0.7789,0.3711,-0.3771,0.1038,-0.0904,0.0276,0.0467,-0.0469,0.3585,0.6548,-1.1075,0.0965,0.6169,-0.0764,0.0209,-0.0218
1776326430.7947788,-0.777,0.3763,-0.3797,0.1063,-0.0911,0.0288,0.0468,-0.0469,0.36,0.6535,-1.1083,0.0954,0.6177,-0.0752,0.0208,-0.0218
1776326431.0461054,-0.7795,0.3973,-0.3903,0.1158,-0.09,0.035,0.0468,-0.0469,0.3639,0.6513,-1.1094,0.0913,0.6214,-0.0712,0.0208,-0.0218
1776326431.0468237,-0.78,0.4022,-0.3921,0.1178,-0.0912,0.035,0.0468,-0.0469,0.3646,0.6507,-1.1096,0.0906,0.6218,-0.0711,0.0208,-0.0218
1776326431.2890103,-0.7821,0.4299,-0.4005,0.1277,-0.1006,0.0345,0.0468,-0.047,0.3694,0.6477,-1.1122,0.0865,0.625,-0.0697,0.0208,-0.0218
1776326431.2899332,-0.7824,0.4367,-0.402,0.1309,-0.1046,0.034,0.0468,-0.047,0.371,0.6472,-1.1137,0.0858,0.6263,-0.0689,0.0208,-0.0218
1776326431.5230803,-0.781,0.4513,-0.4071,0.137,-0.1119,0.0331,0.0468,-0.0471,0.3752,0.6451,-1.1161,0.0851,0.6306,-0.0681,0.0207,-0.0218
1776326431.5238678,-0.7803,0.4541,-0.4085,0.1378,-0.113,0.033,0.0468,-0.0471,0.3762,0.6445,-1.1163,0.0852,0.6317,-0.0681,0.0207,-0.0218
1776326431.7657201,-0.7752,0.4679,-0.4162,0.1414,-0.118,0.0329,0.0468,-0.0472,0.3858,0.639,-1.1162,0.0858,0.6371,-0.0672,0.0208,-0.0218
1776326431.7669697,-0.7737,0.4705,-0.4177,0.142,-0.1187,0.0331,0.0468,-0.0472,0.3892,0.6371,-1.1156,0.086,0.638,-0.0667,0.0208,-0.0218
1776326432.0032027,-0.7683,0.476,-0.4245,0.1424,-0.1151,0.037,0.0468,-0.0472,0.3958,0.6344,-1.1142,0.0853,0.6408,-0.0671,0.0208,-0.0218
1776326432.0038643,-0.7673,0.4769,-0.4258,0.1426,-0.1143,0.0377,0.0468,-0.0472,0.3968,0.6341,-1.114,0.0851,0.6414,-0.0672,0.0208,-0.0218
1776326432.242719,-0.7622,0.4814,-0.4323,0.1435,-0.1101,0.0417,0.0468,-0.0472,0.4021,0.6321,-1.1128,0.0842,0.644,-0.0679,0.0208,-0.0218
1776326432.243901,-0.7608,0.4827,-0.4341,0.1438,-0.1089,0.0428,0.0468,-0.0472,0.4036,0.6316,-1.1124,0.084,0.6447,-0.0681,0.0208,-0.0218
1776326432.492867,-0.7528,0.5192,-0.4424,0.1535,-0.1354,0.0315,0.0465,-0.0468,0.4006,0.6087,-1.117,0.0598,0.6618,-0.0492,0.0208,-0.0218
1776326432.4937892,-0.7493,0.5316,-0.4456,0.1558,-0.1437,0.0279,0.0464,-0.0466,0.4003,0.6014,-1.1178,0.0522,0.6675,-0.0432,0.0208,-0.0218
1776326432.736422,-0.7396,0.5674,-0.4576,0.1612,-0.164,0.0191,0.0467,-0.0463,0.3997,0.5829,-1.1238,0.0313,0.6796,-0.0275,0.0207,-0.0219
1776326432.7367997,-0.7396,0.5674,-0.4576,0.1612,-0.164,0.0191,0.0467,-0.0463,0.3997,0.5829,-1.1238,0.0313,0.6796,-0.0275,0.0207,-0.0219
1776326432.9951038,-0.7322,0.5919,-0.4671,0.167,-0.1764,0.0133,0.0473,-0.0464,0.3956,0.5751,-1.1224,0.0181,0.6878,-0.0191,0.0206,-0.022
1776326432.9957774,-0.7303,0.5981,-0.4696,0.1689,-0.1795,0.0118,0.0475,-0.0464,0.3944,0.5733,-1.1217,0.0148,0.6899,-0.017,0.0206,-0.022
1776326433.244763,-0.7189,0.6173,-0.4772,0.1739,-0.1879,0.0088,0.0475,-0.0458,0.393,0.562,-1.121,0.0025,0.696,-0.0123,0.0206,-0.022
1776326433.2456963,-0.717,0.6193,-0.478,0.1748,-0.1885,0.0088,0.0475,-0.0457,0.3928,0.561,-1.1207,0.0006,0.6965,-0.0114,0.0206,-0.022
1776326433.4984424,-0.7073,0.6306,-0.4822,0.1807,-0.1927,0.0083,0.0476,-0.0449,0.3919,0.5556,-1.1179,-0.0087,0.6974,-0.0044,0.0205,-0.0222
1776326433.498829,-0.7073,0.6306,-0.4822,0.1807,-0.1927,0.0083,0.0476,-0.0449,0.3919,0.5556,-1.1179,-0.0087,0.6974,-0.0044,0.0205,-0.0222
1776326433.7544792,-0.7023,0.637,-0.4867,0.1876,-0.1915,0.0096,0.0453,-0.0415,0.3943,0.5519,-1.1155,-0.0158,0.6983,0.0034,0.0202,-0.0224
1776326433.7549307,-0.7023,0.637,-0.4867,0.1876,-0.1915,0.0096,0.0453,-0.0415,0.3943,0.5519,-1.1155,-0.0158,0.6983,0.0034,0.0202,-0.0224
1776326434.0036647,-0.6985,0.6443,-0.4911,0.2053,-0.1936,0.0147,0.0424,-0.0376,0.3986,0.5493,-1.1148,-0.0225,0.7042,0.0094,0.0199,-0.0228
1776326434.004867,-0.698,0.6447,-0.4917,0.2069,-0.1941,0.0153,0.0412,-0.0362,0.3993,0.5487,-1.1143,-0.0237,0.7044,0.0103,0.0199,-0.0228
1776326434.24271,-0.6967,0.6477,-0.497,0.2105,-0.1904,0.0195,0.0332,-0.0276,0.4043,0.5471,-1.1117,-0.0282,0.7043,0.0153,0.0192,-0.0231
1776326434.2437177,-0.697,0.6487,-0.4988,0.2085,-0.1875,0.0207,0.031,-0.0254,0.4057,0.5473,-1.1113,-0.0286,0.7039,0.0165,0.0191,-0.0231
1776326434.4798918,-0.6989,0.6503,-0.5029,0.2039,-0.1761,0.0281,0.0267,-0.0213,0.4052,0.5491,-1.1101,-0.0307,0.7027,0.0202,0.0186,-0.023
1776326434.4808116,-0.6993,0.6505,-0.5036,0.2033,-0.174,0.0295,0.0264,-0.0211,0.405,0.5495,-1.1099,-0.0311,0.7025,0.0209,0.0185,-0.023
1776326434.732787,-0.701,0.6461,-0.5034,0.2001,-0.1606,0.0394,0.0247,-0.0201,0.4022,0.5529,-1.1111,-0.0319,0.7058,0.0227,0.0183,-0.0228
1776326434.7338874,-0.7013,0.6446,-0.5028,0.199,-0.1577,0.0417,0.0244,-0.0201,0.4015,0.5538,-1.1116,-0.0318,0.7069,0.0228,0.0181,-0.0226
1776326434.9717886,-0.7043,0.6448,-0.5009,0.1989,-0.1544,0.0477,0.0232,-0.0195,0.4015,0.5572,-1.1098,-0.0354,0.7087,0.0271,0.0178,-0.0221
1776326434.9727304,-0.7048,0.6431,-0.4986,0.1975,-0.154,0.0501,0.0228,-0.0195,0.4011,0.5582,-1.1087,-0.0361,0.709,0.0288,0.0178,-0.022
1776326435.2168684,-0.7045,0.6351,-0.4911,0.1923,-0.151,0.0565,0.0217,-0.0194,0.399,0.5603,-1.1046,-0.0366,0.7081,0.0332,0.0174,-0.0215
1776326435.217669,-0.704,0.633,-0.4898,0.1917,-0.15,0.0573,0.0215,-0.0192,0.3985,0.5603,-1.1037,-0.0362,0.7074,0.0337,0.0172,-0.0215
1776326435.477236,-0.7014,0.6234,-0.4833,0.1896,-0.146,0.0605,0.0209,-0.0187,0.3957,0.5613,-1.0999,-0.0348,0.704,0.0361,0.0167,-0.0215
1776326435.4778748,-0.7001,0.6191,-0.4797,0.1882,-0.1447,0.0615,0.0207,-0.0187,0.394,0.5628,-1.098,-0.0343,0.7017,0.0374,0.0165,-0.0216
1776326435.7377846,-0.695,0.6095,-0.471,0.1884,-0.1438,0.0675,0.0204,-0.0183,0.3884,0.5628,-1.0945,-0.036,0.7003,0.0417,0.016,-0.022
1776326435.7387016,-0.6944,0.6085,-0.4701,0.189,-0.1438,0.0683,0.0204,-0.0182,0.3877,0.5626,-1.0942,-0.0364,0.7004,0.0422,0.016,-0.0221
1776326435.9820483,-0.6864,0.6007,-0.4666,0.194,-0.1511,0.0663,0.0205,-0.0182,0.3822,0.5606,-1.0938,-0.0403,0.6963,0.0513,0.0155,-0.0221
1776326435.9828644,-0.6836,0.5979,-0.4664,0.1951,-0.1496,0.0657,0.0206,-0.0181,0.3815,0.5606,-1.0941,-0.0423,0.6958,0.0553,0.0154,-0.022
1776326436.2308862,-0.6771,0.5913,-0.4653,0.1965,-0.1457,0.0639,0.0206,-0.0171,0.3805,0.5605,-1.095,-0.0454,0.6944,0.0645,0.0161,-0.0237
1776326436.2318103,-0.6747,0.589,-0.4648,0.1962,-0.1441,0.0639,0.0206,-0.0168,0.3807,0.5605,-1.0951,-0.0466,0.6934,0.0678,0.0162,-0.024
1776326436.4743881,-0.6673,0.5816,-0.4626,0.195,-0.1388,0.0666,0.0203,-0.0163,0.3795,0.5608,-1.0948,-0.0497,0.6918,0.077,0.0163,-0.0243
1776326436.4749115,-0.6673,0.5816,-0.4626,0.195,-0.1388,0.0666,0.0203,-0.0163,0.3795,0.5608,-1.0948,-0.0497,0.6918,0.077,0.0163,-0.0243
1776326436.7286277,-0.6619,0.5769,-0.4603,0.1972,-0.135,0.0697,0.0205,-0.0162,0.3769,0.5603,-1.0952,-0.0507,0.694,0.082,0.0183,-0.0266
1776326436.7290082,-0.6619,0.5769,-0.4603,0.1972,-0.135,0.0697,0.0205,-0.0162,0.3769,0.5603,-1.0952,-0.0507,0.694,0.082,0.0183,-0.0266
1776326436.974368,-0.6559,0.5741,-0.4616,0.2016,-0.1281,0.0728,0.0214,-0.0165,0.3771,0.5562,-1.0946,-0.0487,0.6929,0.0919,0.0228,-0.031
1776326436.974772,-0.6559,0.5741,-0.4616,0.2016,-0.1281,0.0728,0.0214,-0.0165,0.3771,0.5562,-1.0946,-0.0487,0.6929,0.0919,0.0228,-0.031
1776326437.2081094,-0.6462,0.5684,-0.4617,0.1993,-0.1199,0.0777,0.0228,-0.0193,0.386,0.5511,-1.0967,-0.0603,0.7035,0.1037,0.0271,-0.0328
1776326437.208827,-0.6435,0.5667,-0.4619,0.1972,-0.1177,0.0803,0.0229,-0.0198,0.3894,0.5489,-1.0966,-0.0635,0.7039,0.105,0.0289,-0.034
1776326437.4544542,-0.6378,0.5621,-0.4612,0.1896,-0.1149,0.088,0.023,-0.0212,0.4005,0.5436,-1.0975,-0.0711,0.7044,0.1052,0.0342,-0.0375
1776326437.4548569,-0.6378,0.5621,-0.4612,0.1896,-0.1149,0.088,0.023,-0.0212,0.4005,0.5436,-1.0975,-0.0711,0.7044,0.1052,0.0342,-0.0375
1776326437.729837,-0.6355,0.5548,-0.4579,0.1814,-0.1118,0.0946,0.0209,-0.0202,0.4184,0.5385,-1.0973,-0.0801,0.6979,0.1031,0.041,-0.0426
1776326437.730746,-0.6354,0.5541,-0.4575,0.1805,-0.1113,0.095,0.0206,-0.0201,0.4201,0.5381,-1.097,-0.0809,0.6969,0.103,0.0415,-0.043
1776326437.9655337,-0.6344,0.5463,-0.453,0.1748,-0.1091,0.0957,0.0198,-0.0197,0.431,0.5377,-1.0976,-0.0939,0.6983,0.1125,0.0444,-0.0453
1776326437.9659348,-0.6344,0.5463,-0.453,0.1748,-0.1091,0.0957,0.0198,-0.0197,0.431,0.5377,-1.0976,-0.0939,0.6983,0.1125,0.0444,-0.0453
1776326438.2134247,-0.6288,0.5409,-0.4532,0.1704,-0.1043,0.0976,0.0196,-0.0198,0.4401,0.5355,-1.0978,-0.1048,0.7001,0.1132,0.046,-0.0467
1776326438.2138069,-0.6288,0.5409,-0.4532,0.1704,-0.1043,0.0976,0.0196,-0.0198,0.4401,0.5355,-1.0978,-0.1048,0.7001,0.1132,0.046,-0.0467
1776326438.4716423,-0.6231,0.5355,-0.45,0.168,-0.1018,0.0988,0.0195,-0.0198,0.4515,0.5345,-1.1006,-0.1158,0.7082,0.1164,0.0472,-0.0477
1776326438.4728625,-0.6207,0.5332,-0.4504,0.1665,-0.0991,0.0995,0.0194,-0.0199,0.4598,0.5339,-1.1026,-0.1242,0.7132,0.1229,0.0475,-0.048
1776326438.7222338,-0.6172,0.5298,-0.4522,0.1644,-0.0946,0.1009,0.0194,-0.0199,0.4735,0.5327,-1.1068,-0.1376,0.7213,0.1335,0.0478,-0.0483
1776326438.7229004,-0.6137,0.5276,-0.4527,0.1641,-0.0932,0.1015,0.0194,-0.0199,0.4849,0.5296,-1.1087,-0.1477,0.727,0.1401,0.0478,-0.0482
1776326438.9810114,-0.6041,0.5223,-0.455,0.1637,-0.089,0.1031,0.0194,-0.02,0.5162,0.5206,-1.1132,-0.1757,0.743,0.1577,0.0479,-0.0482
1776326438.98167,-0.5988,0.5204,-0.4572,0.1625,-0.0861,0.1038,0.0194,-0.02,0.5334,0.5152,-1.1145,-0.1917,0.7524,0.1668,0.0478,-0.0482
1776326439.2302854,-0.5818,0.5136,-0.4645,0.1578,-0.0777,0.1041,0.0193,-0.0199,0.5879,0.4988,-1.1182,-0.2375,0.7819,0.1892,0.0478,-0.0481
1776326439.2308447,-0.5818,0.5136,-0.4645,0.1578,-0.0777,0.1041,0.0193,-0.0199,0.5879,0.4988,-1.1182,-0.2375,0.7819,0.1892,0.0478,-0.0481
1776326439.4894998,-0.5601,0.5091,-0.4745,0.1514,-0.0711,0.1019,0.0192,-0.0198,0.6389,0.4783,-1.1155,-0.2739,0.8105,0.2061,0.048,-0.0482
1776326439.4900856,-0.5601,0.5091,-0.4745,0.1514,-0.0711,0.1019,0.0192,-0.0198,0.6389,0.4783,-1.1155,-0.2739,0.8105,0.2061,0.048,-0.0482
1776326439.7427335,-0.535,0.4995,-0.4825,0.1447,-0.063,0.1013,0.0191,-0.0197,0.6804,0.4539,-1.1094,-0.2968,0.8412,0.2159,0.048,-0.0481
1776326439.7439334,-0.525,0.4932,-0.4851,0.1427,-0.0574,0.1018,0.0191,-0.0197,0.6932,0.4473,-1.1089,-0.3044,0.8496,0.2209,0.0479,-0.0481
1776326439.9965792,-0.4959,0.4754,-0.4937,0.1344,-0.0407,0.1029,0.0191,-0.0196,0.7282,0.4287,-1.1077,-0.3234,0.8697,0.2332,0.048,-0.0482
1776326439.9972212,-0.4959,0.4754,-0.4937,0.1344,-0.0407,0.1029,0.0191,-0.0196,0.7282,0.4287,-1.1077,-0.3234,0.8697,0.2332,0.048,-0.0482
1776326440.2396748,-0.4633,0.4581,-0.5069,0.123,-0.0099,0.0998,0.0191,-0.0196,0.7553,0.4126,-1.108,-0.3355,0.8817,0.2373,0.0481,-0.0482
1776326440.2408383,-0.4428,0.4478,-0.5158,0.1075,0.0134,0.0963,0.0192,-0.0196,0.7694,0.4039,-1.1089,-0.342,0.8886,0.2382,0.0482,-0.0482
1776326440.4901693,-0.4177,0.4385,-0.5309,0.0964,0.0318,0.0962,0.0192,-0.0195,0.7805,0.3923,-1.1033,-0.3429,0.8951,0.2354,0.0483,-0.0482
1776326440.49082,-0.4135,0.437,-0.5336,0.0953,0.0346,0.0964,0.0192,-0.0195,0.7822,0.3903,-1.1021,-0.3429,0.8962,0.2348,0.0483,-0.0482
1776326440.7393272,-0.3946,0.4318,-0.5486,0.0923,0.0467,0.0989,0.0192,-0.0195,0.7978,0.3791,-1.0986,-0.3456,0.9068,0.2362,0.0482,-0.048
1776326440.7397141,-0.3946,0.4318,-0.5486,0.0923,0.0467,0.0989,0.0192,-0.0195,0.7978,0.3791,-1.0986,-0.3456,0.9068,0.2362,0.0482,-0.048
1776326440.9919434,-0.3826,0.428,-0.565,0.0938,0.0536,0.1021,0.0192,-0.0195,0.813,0.3692,-1.0938,-0.3573,0.92,0.2444,0.0483,-0.0481
1776326440.9928644,-0.3789,0.4253,-0.5708,0.0935,0.0567,0.1022,0.0191,-0.0194,0.8189,0.3662,-1.0926,-0.3615,0.9231,0.2485,0.0482,-0.048
1776326441.2414486,-0.3663,0.4181,-0.5899,0.091,0.0687,0.1011,0.0191,-0.0194,0.8373,0.3573,-1.0907,-0.3757,0.9324,0.2615,0.0482,-0.0479
1776326441.2418475,-0.3639,0.4171,-0.5936,0.0899,0.0713,0.1004,0.019,-0.0194,0.8404,0.3559,-1.0909,-0.3785,0.9338,0.2638,0.0482,-0.0479
1776326441.4828396,-0.341,0.415,-0.6183,0.0819,0.0878,0.0951,0.019,-0.0193,0.859,0.3488,-1.0927,-0.3951,0.9433,0.2752,0.0482,-0.0478
1776326441.4838216,-0.3329,0.4156,-0.6251,0.0793,0.0919,0.0934,0.0189,-0.0193,0.8636,0.3476,-1.0933,-0.399,0.9459,0.2772,0.0481,-0.0478
1776326441.7388,-0.3008,0.422,-0.655,0.0699,0.1048,0.0842,0.019,-0.0194,0.8794,0.3427,-1.0965,-0.4069,0.9581,0.2791,0.0481,-0.0478
1776326441.7399454,-0.2922,0.4239,-0.6631,0.0665,0.1081,0.0817,0.0189,-0.0194,0.8835,0.3415,-1.0974,-0.4087,0.9614,0.2794,0.048,-0.0478
1776326441.9864485,-0.2536,0.4388,-0.6975,0.0589,0.1164,0.0728,0.0189,-0.0193,0.8998,0.3323,-1.0916,-0.4214,0.976,0.2854,0.048,-0.0477
1776326441.9869208,-0.2536,0.4388,-0.6975,0.0589,0.1164,0.0728,0.0189,-0.0193,0.8998,0.3323,-1.0916,-0.4214,0.976,0.2854,0.048,-0.0477
1776326442.2345433,-0.2252,0.4498,-0.7228,0.0534,0.1225,0.0662,0.0188,-0.0192,0.9118,0.3256,-1.0873,-0.4308,0.9867,0.2898,0.0479,-0.0477
1776326442.2349293,-0.2252,0.4498,-0.7228,0.0534,0.1225,0.0662,0.0188,-0.0192,0.9118,0.3256,-1.0873,-0.4308,0.9867,0.2898,0.0479,-0.0477
1776326442.4890895,-0.0918,0.5256,-0.7801,0.0337,0.0902,0.0445,0.0187,-0.0192,1.0103,0.2664,-1.0824,-0.5457,1.0842,0.315,0.0482,-0.0481
1776326442.489837,-0.0646,0.5476,-0.7974,0.0303,0.0835,0.0412,0.0187,-0.0191,1.0268,0.2531,-1.078,-0.5678,1.1023,0.322,0.0482,-0.0481
1776326442.7470305,-0.0002,0.6046,-0.8421,0.023,0.0717,0.0368,0.0186,-0.0191,1.0628,0.223,-1.0674,-0.6163,1.1424,0.3363,0.0483,-0.0483
1776326442.747778,0.0168,0.6209,-0.8547,0.0211,0.0698,0.0367,0.0186,-0.0191,1.0709,0.2142,-1.0636,-0.6278,1.1526,0.3381,0.0483,-0.0483
1776326442.9964998,0.0666,0.6744,-0.89,0.0166,0.0615,0.0345,0.0186,-0.0191,1.0903,0.1877,-1.0506,-0.6572,1.179,0.3436,0.0482,-0.0483
1776326442.9971054,0.0666,0.6744,-0.89,0.0166,0.0615,0.0345,0.0186,-0.0191,1.0903,0.1877,-1.0506,-0.6572,1.179,0.3436,0.0482,-0.0483
1776326443.2482095,0.0962,0.7085,-0.9091,0.0148,0.0528,0.0325,0.0186,-0.0192,1.0988,0.1743,-1.0431,-0.672,1.1912,0.3484,0.0482,-0.0484
1776326443.2490292,0.1039,0.7178,-0.9137,0.0151,0.0495,0.0319,0.0186,-0.0191,1.1005,0.1716,-1.0413,-0.6754,1.1936,0.3501,0.0481,-0.0484
1776326443.4933345,0.1296,0.7464,-0.9258,0.015,0.0459,0.0358,0.0186,-0.0191,1.1041,0.1643,-1.0242,-0.6827,1.1964,0.3589,0.0482,-0.0484
1776326443.4937103,0.1323,0.7494,-0.927,0.0152,0.0456,0.0362,0.0186,-0.0191,1.1045,0.1635,-1.0224,-0.6834,1.1967,0.3598,0.0482,-0.0484
1776326443.7260797,0.1458,0.7785,-0.932,0.0187,0.0335,0.0306,0.0185,-0.0192,1.1129,0.1542,-1.009,-0.6952,1.207,0.3707,0.0481,-0.0484
1776326443.7267902,0.151,0.7883,-0.934,0.02,0.0298,0.0287,0.0185,-0.0192,1.1143,0.152,-1.0047,-0.6977,1.2095,0.372,0.0481,-0.0484
1776326443.977965,0.1633,0.8119,-0.9389,0.0226,0.0214,0.0249,0.0185,-0.0191,1.1169,0.1471,-0.9951,-0.7033,1.2149,0.3747,0.0481,-0.0484
1776326443.9787285,0.1679,0.8207,-0.9408,0.0233,0.0192,0.0245,0.0185,-0.0191,1.1168,0.1462,-0.9926,-0.7047,1.2158,0.3751,0.0481,-0.0483
1776326444.23085,0.1798,0.8452,-0.9457,0.0223,0.0162,0.0251,0.0185,-0.0191,1.1173,0.1439,-0.9827,-0.7095,1.2155,0.3797,0.048,-0.0483
1776326444.2318742,0.1811,0.8481,-0.9462,0.0218,0.0162,0.0254,0.0185,-0.0191,1.1174,0.1437,-0.9814,-0.7102,1.2152,0.3805,0.0481,-0.0483
1776326444.4698548,0.1897,0.867,-0.9492,0.0243,0.0087,0.0173,0.0185,-0.0192,1.1201,0.1412,-0.9753,-0.7154,1.2172,0.3859,0.048,-0.0483
1776326444.4707775,0.1931,0.8746,-0.9503,0.0242,0.0046,0.0126,0.0185,-0.0191,1.1227,0.139,-0.9716,-0.7194,1.2196,0.3898,0.0479,-0.0483
1776326444.725544,0.205,0.9016,-0.9571,0.0216,-0.0025,0.0074,0.0185,-0.0192,1.1236,0.133,-0.9637,-0.7242,1.22,0.3956,0.0479,-0.0482
1776326444.726046,0.205,0.9016,-0.9571,0.0216,-0.0025,0.0074,0.0185,-0.0192,1.1236,0.133,-0.9637,-0.7242,1.22,0.3956,0.0479,-0.0482
1776326444.9749308,0.2171,0.9367,-0.9621,0.0284,-0.0084,0.0057,0.0185,-0.0192,1.1309,0.1171,-0.9515,-0.7329,1.22,0.4029,0.0477,-0.0481
1776326444.9756975,0.2216,0.9419,-0.9626,0.0292,-0.0074,0.007,0.0185,-0.0192,1.1316,0.1155,-0.9487,-0.7333,1.22,0.4016,0.0477,-0.0481
1776326445.2157326,0.2316,0.9541,-0.9624,0.031,-0.0051,0.0097,0.0184,-0.0191,1.1329,0.1124,-0.9417,-0.733,1.22,0.3994,0.0478,-0.0482
1776326445.216917,0.2366,0.9612,-0.9579,0.0322,-0.0037,0.0106,0.0184,-0.0191,1.1323,0.1126,-0.9365,-0.729,1.22,0.4,0.0478,-0.0482
1776326445.4729855,0.2379,0.9702,-0.9539,0.0324,0.0006,0.0171,0.0185,-0.0191,1.1364,0.1109,-0.9314,-0.7274,1.22,0.4034,0.0477,-0.0481
1776326445.473711,0.2379,0.9724,-0.9529,0.0333,0.0018,0.0191,0.0185,-0.019,1.1377,0.1103,-0.9302,-0.7272,1.22,0.4044,0.0476,-0.0481
1776326445.7373323,0.2361,0.9827,-0.9518,0.0378,0.0013,0.0193,0.0191,-0.0197,1.1393,0.1032,-0.9185,-0.7235,1.22,0.4083,0.0478,-0.0482
1776326445.737884,0.2361,0.9827,-0.9518,0.0378,0.0013,0.0193,0.0191,-0.0197,1.1393,0.1032,-0.9185,-0.7235,1.22,0.4083,0.0478,-0.0482
1776326446.002675,0.2333,0.9961,-0.9483,0.046,-0.006,0.0137,0.0193,-0.0199,1.1418,0.0912,-0.9069,-0.7147,1.22,0.4161,0.0479,-0.0483
1776326446.003945,0.2322,0.9995,-0.9454,0.0508,-0.0094,0.0099,0.0192,-0.0199,1.1384,0.0872,-0.9031,-0.7114,1.2188,0.4168,0.0479,-0.0483
1776326446.249654,0.2283,1.0067,-0.9415,0.0543,-0.0141,0.0052,0.0191,-0.0198,1.1333,0.0795,-0.8955,-0.7054,1.2163,0.4194,0.048,-0.0483
1776326446.250874,0.2273,1.0081,-0.9418,0.0544,-0.0138,0.0059,0.0191,-0.0198,1.134,0.0782,-0.8944,-0.7046,1.2163,0.4205,0.048,-0.0483
1776326446.4947364,0.2186,1.0153,-0.9428,0.0533,-0.01,0.0112,0.0195,-0.0201,1.1368,0.0717,-0.8871,-0.7006,1.2141,0.4276,0.0481,-0.0483
1776326446.4956694,0.2158,1.0166,-0.9427,0.0519,-0.0083,0.0129,0.0196,-0.0202,1.1371,0.0704,-0.885,-0.6997,1.213,0.4294,0.0481,-0.0483
1776326446.7482495,0.2038,1.0157,-0.9485,0.0424,0.0053,0.0299,0.0217,-0.0223,1.1368,0.0719,-0.8828,-0.7006,1.2083,0.4389,0.0483,-0.0484
1776326446.7487428,0.2038,1.0157,-0.9485,0.0424,0.0053,0.0299,0.0217,-0.0223,1.1368,0.0719,-0.8828,-0.7006,1.2083,0.4389,0.0483,-0.0484
1776326447.0121877,0.1944,1.0157,-0.958,0.0224,0.0326,0.0601,0.0244,-0.0249,1.1319,0.0783,-0.8802,-0.6982,1.198,0.4511,0.0483,-0.0483
1776326447.012859,0.1914,1.0129,-0.9594,0.016,0.039,0.0661,0.0252,-0.0256,1.1322,0.0796,-0.88,-0.6972,1.1964,0.4542,0.0483,-0.0483
1776326447.260346,0.1838,1.0048,-0.9587,0.0056,0.0481,0.0718,0.027,-0.0272,1.1352,0.0809,-0.8789,-0.6969,1.1926,0.4613,0.0481,-0.0482
1776326447.2607412,0.1838,1.0048,-0.9587,0.0056,0.0481,0.0718,0.027,-0.0272,1.1352,0.0809,-0.8789,-0.6969,1.1926,0.4613,0.0481,-0.0482
1776326447.5058763,0.179,0.9856,-0.9409,0.0221,0.023,0.0414,0.0328,-0.0328,1.1348,0.0762,-0.8823,-0.6939,1.1909,0.4628,0.0479,-0.0481
1776326447.5067685,0.1783,0.9806,-0.9359,0.0268,0.0153,0.0326,0.0344,-0.0344,1.1342,0.0748,-0.8835,-0.6928,1.1907,0.4626,0.0479,-0.0481
1776326447.7506785,0.1829,0.9662,-0.9167,0.0428,-0.0155,0.001,0.04,-0.0398,1.1332,0.0755,-0.8839,-0.6859,1.1941,0.4584,0.048,-0.0483
1776326447.7517126,0.1825,0.9627,-0.9136,0.0428,-0.0181,0.001,0.0408,-0.0406,1.1349,0.0761,-0.8843,-0.6867,1.1944,0.4591,0.048,-0.0483
1776326448.014703,0.1792,0.9509,-0.9079,0.0508,-0.0177,0.008,0.0431,-0.043,1.1363,0.0786,-0.8847,-0.6869,1.1938,0.4587,0.0478,-0.0482
1776326448.0159123,0.1778,0.9481,-0.908,0.0527,-0.0149,0.0118,0.0435,-0.0434,1.1353,0.0792,-0.8845,-0.6863,1.1932,0.4578,0.0478,-0.0481
1776326448.2647774,0.1731,0.9339,-0.8937,0.072,-0.0334,-0.0093,0.0448,-0.0448,1.1313,0.0799,-0.8822,-0.6818,1.1916,0.4553,0.0478,-0.0481
1776326448.2657678,0.1732,0.9307,-0.8893,0.0737,-0.0377,-0.0133,0.045,-0.045,1.1302,0.08,-0.8817,-0.6807,1.1905,0.4549,0.0478,-0.0481
1776326448.5173323,0.1744,0.9207,-0.8773,0.0768,-0.048,-0.0219,0.0456,-0.0454,1.126,0.0797,-0.8802,-0.6762,1.1879,0.4534,0.0478,-0.0481
1776326448.5178213,0.1744,0.9207,-0.8773,0.0768,-0.048,-0.0219,0.0456,-0.0454,1.126,0.0797,-0.8802,-0.6762,1.1879,0.4534,0.0478,-0.0481
1776326448.7649333,0.1759,0.9076,-0.8748,0.0698,-0.035,-0.0058,0.0459,-0.0457,1.1183,0.0782,-0.8787,-0.6739,1.1835,0.4536,0.0478,-0.048
1776326448.7658625,0.1758,0.9055,-0.8754,0.0678,-0.0305,-0.0011,0.0459,-0.0457,1.1169,0.0779,-0.8786,-0.6744,1.1823,0.454,0.0478,-0.0481
1776326449.0186055,0.1806,0.9002,-0.8761,0.0663,-0.0274,0.0,0.0458,-0.0456,1.1088,0.0749,-0.8753,-0.6687,1.1774,0.4497,0.0477,-0.048
1776326449.0190609,0.1806,0.9002,-0.8761,0.0663,-0.0274,0.0,0.0458,-0.0456,1.1088,0.0749,-0.8753,-0.6687,1.1774,0.4497,0.0477,-0.048
1776326449.2724276,0.1826,0.8986,-0.8743,0.0596,-0.0275,-0.0014,0.046,-0.0459,1.0994,0.0777,-0.8763,-0.6628,1.1746,0.4497,0.0477,-0.048
1776326449.2728755,0.1826,0.8986,-0.8743,0.0596,-0.0275,-0.0014,0.046,-0.0459,1.0994,0.0777,-0.8763,-0.6628,1.1746,0.4497,0.0477,-0.048
1776326449.5409458,0.1815,0.8935,-0.8804,0.0514,-0.0147,0.0107,0.0461,-0.046,1.0886,0.0798,-0.8837,-0.6554,1.1727,0.4424,0.0476,-0.0479
1776326449.5419421,0.1797,0.8861,-0.879,0.0464,-0.0074,0.0169,0.0462,-0.0461,1.0871,0.08,-0.8852,-0.6551,1.1724,0.4431,0.0476,-0.0478
1776326449.8182857,0.1768,0.8709,-0.8755,0.0377,0.007,0.0289,0.0462,-0.0461,1.0848,0.0819,-0.8917,-0.6557,1.1726,0.4447,0.0477,-0.0478
1776326449.8187609,0.1768,0.8709,-0.8755,0.0377,0.007,0.0289,0.0462,-0.0461,1.0848,0.0819,-0.8917,-0.6557,1.1726,0.4447,0.0477,-0.0478
1776326450.068171,0.1732,0.8349,-0.8548,0.0343,0.018,0.0372,0.0461,-0.0461,1.0869,0.0799,-0.8944,-0.6592,1.1734,0.4444,0.0477,-0.0478
1776326450.068967,0.1726,0.8269,-0.8494,0.035,0.0186,0.0376,0.0461,-0.0461,1.0873,0.0786,-0.8939,-0.6599,1.1734,0.4442,0.0477,-0.0478
1776326450.3190942,0.1653,0.7873,-0.8245,0.0416,0.0218,0.0433,0.0461,-0.0461,1.0932,0.0686,-0.8843,-0.6643,1.1699,0.4501,0.0477,-0.0479
1776326450.3198862,0.1624,0.7722,-0.8159,0.0438,0.0232,0.04,0.0461,-0.0461,1.0872,0.0677,-0.8796,-0.6618,1.1628,0.4484,0.0477,-0.0479
1776326450.5779257,0.1532,0.7166,-0.7818,0.0374,0.0296,0.0313,0.0461,-0.0461,1.0657,0.068,-0.865,-0.6528,1.1399,0.4442,0.0477,-0.0479
1776326450.5787141,0.1506,0.6975,-0.7687,0.0364,0.0326,0.0301,0.046,-0.0461,1.0586,0.07,-0.8612,-0.6499,1.1338,0.4439,0.0477,-0.0479
1776326450.8399117,0.1395,0.629,-0.7195,0.0331,0.046,0.0238,0.046,-0.0461,1.0123,0.0816,-0.839,-0.6322,1.096,0.4389,0.0478,-0.0479
1776326450.840838,0.1361,0.6115,-0.7061,0.0312,0.0502,0.0218,0.046,-0.0461,0.9944,0.0858,-0.8307,-0.6255,1.0818,0.4365,0.0478,-0.048
1776326451.0860887,0.1179,0.5472,-0.6543,0.0248,0.0685,0.0139,0.046,-0.0461,0.9128,0.1092,-0.7942,-0.5936,1.0184,0.4258,0.048,-0.0481
1776326451.086937,0.1137,0.5344,-0.6436,0.0236,0.0725,0.0123,0.046,-0.0461,0.8949,0.1146,-0.7863,-0.5866,1.0046,0.4235,0.048,-0.0482
1776326451.346558,0.0795,0.4694,-0.5973,0.0244,0.105,0.0082,0.0462,-0.0462,0.8205,0.1387,-0.7582,-0.5411,0.9448,0.4041,0.048,-0.0482
1776326451.3470194,0.0795,0.4694,-0.5973,0.0244,0.105,0.0082,0.0462,-0.0462,0.8205,0.1387,-0.7582,-0.5411,0.9448,0.4041,0.048,-0.0482
1776326451.5919826,0.0454,0.3868,-0.5364,0.0389,0.1352,-0.0008,0.0461,-0.0463,0.7194,0.1611,-0.7214,-0.4937,0.8659,0.3775,0.0482,-0.0483
1776326451.5929143,0.0413,0.3768,-0.529,0.0407,0.1389,-0.0019,0.0461,-0.0463,0.7072,0.1638,-0.717,-0.488,0.8564,0.3743,0.0482,-0.0483
1776326451.836953,0.0301,0.3496,-0.5089,0.0457,0.1488,-0.0048,0.0461,-0.0463,0.674,0.1712,-0.7049,-0.4725,0.8304,0.3655,0.0483,-0.0483
1776326451.8379035,0.0283,0.3451,-0.5056,0.0465,0.1504,-0.0053,0.0461,-0.0463,0.6685,0.1724,-0.7029,-0.4699,0.8261,0.3641,0.0483,-0.0483
1776326452.0846126,0.0356,0.2696,-0.3509,0.0231,0.0846,-0.0067,0.0464,-0.0464,0.4543,0.2193,-0.4986,-0.2569,0.5861,0.1861,0.0482,-0.0484
1776326452.0850115,0.0356,0.2696,-0.3509,0.0231,0.0846,-0.0067,0.0464,-0.0464,0.4543,0.2193,-0.4986,-0.2569,0.5861,0.1861,0.0482,-0.0484
1776326452.3354757,0.044,0.2306,-0.2458,0.0056,0.0294,-0.0064,0.0464,-0.0465,0.3113,0.2547,-0.351,-0.1269,0.3077,0.0678,0.0482,-0.0483
1776326452.3359168,0.044,0.2306,-0.2458,0.0056,0.0294,-0.0064,0.0464,-0.0465,0.3113,0.2547,-0.351,-0.1269,0.3077,0.0678,0.0482,-0.0483
1776326452.5923593,0.0551,0.2266,-0.1846,-0.001,0.0017,-0.0026,0.0465,-0.0465,0.2431,0.2719,-0.2633,-0.0744,0.1492,0.0092,0.0482,-0.0484
1776326452.5928085,0.057,0.2245,-0.1763,0.0004,0.0029,-0.0011,0.0465,-0.0465,0.2348,0.274,-0.2507,-0.0677,0.1308,0.0024,0.0482,-0.0484
1776326452.8445828,0.0621,0.204,-0.1403,0.0062,0.0031,0.0049,0.0465,-0.0466,0.2023,0.274,-0.2026,-0.047,0.0678,-0.0205,0.0482,-0.0483
1776326452.8450856,0.0621,0.204,-0.1403,0.0062,0.0031,0.0049,0.0465,-0.0466,0.2023,0.274,-0.2026,-0.047,0.0678,-0.0205,0.0482,-0.0483
1776326453.092474,0.0619,0.192,-0.1063,0.0087,-0.0226,0.0097,0.0466,-0.0466,0.1842,0.2621,-0.1663,-0.0383,0.0247,-0.0259,0.0482,-0.0482
1776326453.0928586,0.0619,0.192,-0.1063,0.0087,-0.0226,0.0097,0.0466,-0.0466,0.1842,0.2621,-0.1663,-0.0383,0.0247,-0.0259,0.0482,-0.0482
1776326453.347055,0.0603,0.1799,-0.0843,0.0154,-0.0277,0.0169,0.0466,-0.0467,0.1741,0.2498,-0.1395,-0.0416,-0.0063,-0.0321,0.0482,-0.0483
1776326453.347818,0.0602,0.1791,-0.0827,0.0165,-0.0275,0.0178,0.0467,-0.0467,0.1732,0.2492,-0.1376,-0.0411,-0.0082,-0.0323,0.0482,-0.0483
1776326453.5907483,0.0616,0.1788,-0.0725,0.0282,-0.0263,0.0286,0.0467,-0.0465,0.1673,0.2415,-0.1149,-0.039,-0.024,-0.0341,0.048,-0.0481
1776326453.59168,0.0618,0.1789,-0.0718,0.0296,-0.0262,0.0296,0.0467,-0.0465,0.1669,0.2409,-0.1129,-0.0389,-0.0253,-0.0343,0.048,-0.0481
1776326453.8505867,0.0641,0.1729,-0.0611,0.0297,-0.0345,0.0273,0.0468,-0.0468,0.1554,0.2286,-0.1003,-0.0379,-0.0346,-0.0317,0.0481,-0.0482
1776326453.8511658,0.0641,0.1729,-0.0611,0.0297,-0.0345,0.0273,0.0468,-0.0468,0.1554,0.2286,-0.1003,-0.0379,-0.0346,-0.0317,0.0481,-0.0482
1776326454.1073713,0.063,0.1671,-0.0503,0.0267,-0.0368,0.0262,0.0467,-0.0466,0.1478,0.2159,-0.0859,-0.0308,-0.0396,-0.0264,0.0482,-0.0483
1776326454.1078985,0.063,0.1671,-0.0503,0.0267,-0.0368,0.0262,0.0467,-0.0466,0.1478,0.2159,-0.0859,-0.0308,-0.0396,-0.0264,0.0482,-0.0483
1776326454.3670788,0.0687,0.1533,-0.0439,0.0272,-0.0266,0.0274,0.0468,-0.0467,0.143,0.1976,-0.0681,-0.0265,-0.0442,-0.0207,0.0482,-0.0484
1776326454.3678505,0.0692,0.152,-0.0431,0.0278,-0.0263,0.0278,0.0468,-0.0467,0.1426,0.1965,-0.0664,-0.026,-0.0443,-0.02,0.0482,-0.0484
1776326454.621627,0.0712,0.1477,-0.0394,0.032,-0.0281,0.0303,0.0468,-0.0469,0.1364,0.1861,-0.0583,-0.0216,-0.0404,-0.0143,0.0482,-0.0485
1776326454.6220055,0.0712,0.1477,-0.0394,0.032,-0.0281,0.0303,0.0468,-0.0469,0.1364,0.1861,-0.0583,-0.0216,-0.0404,-0.0143,0.0482,-0.0485
1776326454.8686137,0.0698,0.1475,-0.0369,0.0319,-0.0329,0.0287,0.0469,-0.0469,0.1261,0.175,-0.0529,-0.0149,-0.0373,-0.0084,0.0483,-0.0486
1776326454.8690064,0.0698,0.1475,-0.0369,0.0319,-0.0329,0.0287,0.0469,-0.0469,0.1261,0.175,-0.0529,-0.0149,-0.0373,-0.0084,0.0483,-0.0486
1776326455.1278927,0.0702,0.1498,-0.035,0.0297,-0.0377,0.0271,0.0469,-0.047,0.1209,0.1589,-0.0447,-0.0087,-0.0353,-0.0026,0.0484,-0.0485
1776326455.128834,0.0703,0.15,-0.035,0.0295,-0.0376,0.027,0.0469,-0.047,0.1207,0.1577,-0.0438,-0.0081,-0.0352,-0.0018,0.0484,-0.0485
1776326455.3807526,0.0704,0.1507,-0.039,0.0285,-0.0317,0.0264,0.047,-0.0471,0.1195,0.1507,-0.0416,-0.0022,-0.034,0.0029,0.0484,-0.0484
1776326455.3817234,0.0703,0.1507,-0.0398,0.0285,-0.0305,0.0263,0.047,-0.0471,0.1195,0.1502,-0.0418,-0.0015,-0.0338,0.0032,0.0484,-0.0484
1776326455.6301186,0.0702,0.1508,-0.0417,0.0282,-0.0265,0.026,0.047,-0.0471,0.12,0.1457,-0.042,0.0018,-0.0311,0.0059,0.0485,-0.0484
1776326455.630946,0.0703,0.1508,-0.0415,0.0281,-0.0265,0.0259,0.047,-0.0471,0.1201,0.1452,-0.0419,0.0019,-0.0308,0.0061,0.0485,-0.0484
1776326455.8872895,0.0736,0.146,-0.041,0.028,-0.0233,0.0255,0.047,-0.047,0.1221,0.1399,-0.0383,0.0016,-0.0329,0.0092,0.0484,-0.0484
1776326455.8877392,0.0736,0.146,-0.041,0.028,-0.0233,0.0255,0.047,-0.047,0.1221,0.1399,-0.0383,0.0016,-0.0329,0.0092,0.0484,-0.0484
1776326456.154586,0.0756,0.1436,-0.039,0.0286,-0.0231,0.0256,0.047,-0.047,0.1234,0.1354,-0.0373,0.0018,-0.0355,0.0108,0.0486,-0.0485
1776326456.1550884,0.0756,0.1436,-0.039,0.0286,-0.0231,0.0256,0.047,-0.047,0.1234,0.1354,-0.0373,0.0018,-0.0355,0.0108,0.0486,-0.0485
1776326456.4059722,0.0773,0.1377,-0.0385,0.0294,-0.0207,0.0253,0.0469,-0.047,0.1256,0.1352,-0.0391,0.0016,-0.0346,0.0082,0.0486,-0.0486
1776326456.4067488,0.0779,0.1366,-0.0383,0.0292,-0.0204,0.0251,0.0469,-0.047,0.1261,0.1352,-0.0393,0.0012,-0.034,0.0077,0.0486,-0.0486
1776326456.6609273,0.0797,0.1349,-0.0357,0.0277,-0.0216,0.0244,0.0469,-0.047,0.1263,0.1342,-0.0377,-0.0006,-0.0299,0.0076,0.0485,-0.0485
1776326456.661695,0.0799,0.1347,-0.0351,0.0274,-0.0219,0.0242,0.0469,-0.047,0.1263,0.1339,-0.0373,-0.0009,-0.0291,0.0077,0.0485,-0.0485
1776326456.915924,0.0773,0.1353,-0.0317,0.0254,-0.0258,0.0225,0.0468,-0.0469,0.1236,0.1322,-0.0356,-0.0001,-0.0275,0.0075,0.0484,-0.0484
1776326456.9170315,0.0773,0.1354,-0.0316,0.0251,-0.026,0.0223,0.0468,-0.0469,0.123,0.1323,-0.0349,0.0,-0.0281,0.0074,0.0484,-0.0484
1776326457.1773686,0.0774,0.1358,-0.0309,0.0247,-0.0266,0.0219,0.0468,-0.0469,0.1217,0.1323,-0.0337,0.0,-0.0303,0.0078,0.0485,-0.0484
1776326457.177964,0.0774,0.1358,-0.0309,0.0247,-0.0266,0.0219,0.0468,-0.0469,0.1217,0.1323,-0.0337,0.0,-0.0303,0.0078,0.0485,-0.0484
1776326457.4268017,0.0778,0.1361,-0.0298,0.0248,-0.0274,0.0222,0.0468,-0.0469,0.1202,0.1301,-0.0312,0.0017,-0.0305,0.0089,0.0484,-0.0485
1776326457.427751,0.0778,0.1361,-0.0296,0.0249,-0.0275,0.0223,0.0468,-0.0469,0.1198,0.1295,-0.0303,0.0019,-0.0302,0.0091,0.0484,-0.0485
1776326457.6773322,0.0788,0.1337,-0.029,0.0254,-0.0265,0.0228,0.0468,-0.047,0.12,0.1277,-0.0273,0.0023,-0.0327,0.01,0.0484,-0.0485
1776326457.6777256,0.0788,0.1337,-0.029,0.0254,-0.0265,0.0228,0.0468,-0.047,0.12,0.1277,-0.0273,0.0023,-0.0327,0.01,0.0484,-0.0485
1776326457.9288778,0.0738,0.1195,-0.0265,0.0264,-0.022,0.0217,0.0432,-0.0434,0.1124,0.1192,-0.0225,0.0007,-0.0345,0.0103,0.0447,-0.0447
1776326457.9297504,0.0632,0.1008,-0.0213,0.024,-0.0189,0.0183,0.0368,-0.037,0.0958,0.1013,-0.0172,0.0005,-0.0294,0.0086,0.0381,-0.0381
1776326458.2038298,0.0351,0.0499,-0.0075,0.0125,-0.0101,0.0094,0.0193,-0.0195,0.0498,0.0516,-0.0029,0.0005,-0.0157,0.0042,0.0199,-0.0198
1776326458.2047462,0.0307,0.0416,-0.0053,0.0106,-0.0085,0.008,0.0164,-0.0165,0.042,0.0431,-0.0006,0.0007,-0.0135,0.0036,0.0169,-0.0168
1776326458.4611664,0.0153,0.0143,0.0,0.0052,-0.0032,0.0034,0.0072,-0.0074,0.0173,0.0161,0.0,0.0004,-0.0057,0.0017,0.0075,-0.0074
1776326458.4618537,0.0134,0.0109,0.0,0.0046,-0.0026,0.0028,0.0061,-0.0063,0.0143,0.0129,0.0,0.0002,-0.0047,0.0014,0.0063,-0.0062
1776326458.7133148,0.0096,0.0035,0.0,0.0033,-0.0015,0.0017,0.0037,-0.0039,0.0079,0.007,0.0,-0.0008,-0.0023,0.0008,0.0039,-0.0037
1776326458.713791,0.0086,0.0023,0.0,0.0029,-0.0013,0.0014,0.0032,-0.0033,0.0065,0.0059,0.0,-0.0008,-0.0015,0.0003,0.0033,-0.0031
1776326458.981117,0.0052,0.0,0.0,0.002,-0.0005,0.0005,0.0015,-0.0015,0.0021,0.0018,0.0,-0.0008,0.0012,-0.0013,0.0015,-0.0013
1776326458.9818876,0.0047,0.0,0.0,0.0019,-0.0004,0.0005,0.0012,-0.0013,0.0017,0.0011,0.0,-0.0008,0.0015,-0.0014,0.0012,-0.001
1776326459.24057,0.0028,0.0,0.0,0.0019,0.0001,0.0002,0.0007,-0.0007,0.0012,0.0,0.0,-0.0009,0.0027,-0.0015,0.0006,-0.0005
1776326459.2410104,0.0028,0.0,0.0,0.0019,0.0001,0.0002,0.0007,-0.0007,0.0012,0.0,0.0,-0.0009,0.0027,-0.0015,0.0006,-0.0005
1776326459.4982088,0.0019,0.0,0.0,0.0016,0.0006,0.0001,0.0004,-0.0004,0.0005,0.0,0.0,-0.0011,0.0018,-0.0017,0.0003,-0.0001
1776326459.4987206,0.0024,0.0,0.0,0.0016,0.0008,0.0001,0.0003,-0.0004,0.0008,0.0,0.0,-0.0011,0.0019,-0.0018,0.0002,-0.0001
1776326459.7595844,0.0034,0.0,0.0,0.002,0.0013,0.0003,0.0003,-0.0004,0.0016,0.0,0.0,-0.0016,0.0021,-0.0018,0.0001,0.0
1776326459.7600837,0.0034,0.0,0.0,0.002,0.0013,0.0003,0.0003,-0.0004,0.0016,0.0,0.0,-0.0016,0.0021,-0.0018,0.0001,0.0
1776326460.025717,0.0005,0.0,0.0,0.0019,0.0014,0.0,0.0001,-0.0003,0.0004,0.0,0.0,-0.0023,0.003,-0.0026,0.0,0.0
1776326460.0269372,0.0007,0.0,0.0,0.0018,0.0014,0.0,0.0001,-0.0002,0.0002,0.0,0.0,-0.0022,0.003,-0.0029,0.0,0.0
1776326460.2831821,0.0016,0.0,0.0,0.0016,0.0014,0.0001,0.0001,-0.0002,0.001,0.0,0.0,-0.0024,0.0029,-0.003,0.0,0.0
1776326460.2838836,0.0019,0.0,0.0,0.0016,0.0015,0.0001,0.0001,-0.0002,0.0012,0.0,0.0,-0.0025,0.0029,-0.003,0.0,0.0
1776326460.5306246,0.0014,0.0,0.0,0.0013,0.0012,0.0002,0.0,-0.0001,0.0003,0.0,0.0,-0.0022,0.0029,-0.0034,0.0,0.0
1776326460.5310035,0.0014,0.0,0.0,0.0013,0.0012,0.0002,0.0,-0.0001,0.0003,0.0,0.0,-0.0022,0.0029,-0.0034,0.0,0.0
1776326460.7822955,0.0008,0.0,0.0,0.0013,0.0008,0.0002,0.0,-0.0001,0.0005,0.0,0.0,-0.0017,0.002,-0.0029,0.0,0.0
1776326460.7827454,0.0008,0.0,0.0,0.0013,0.0008,0.0002,0.0,-0.0001,0.0005,0.0,0.0,-0.0017,0.002,-0.0029,0.0,0.0
1776326461.0452201,0.0013,0.0,0.0,0.0016,0.0002,0.0,0.0,0.0,0.0001,0.0,0.0,-0.0016,0.0017,-0.0034,0.0,0.0
1776326461.0456738,0.0013,0.0,0.0,0.0016,0.0002,0.0,0.0,0.0,0.0001,0.0,0.0,-0.0016,0.0017,-0.0034,0.0,0.0
1776326461.301748,0.0007,0.0,0.0,0.0019,0.0001,0.0002,0.0,-0.0001,0.0013,0.0,0.0,-0.0022,0.0027,-0.0036,0.0,0.0
1776326461.302945,0.0006,0.0,0.0,0.0019,0.0001,0.0003,0.0,-0.0001,0.0014,0.0,0.0,-0.0022,0.003,-0.0035,0.0,0.0
1776326461.550075,0.0003,0.0,0.0,0.0019,0.0003,0.0003,0.0,-0.0001,0.0011,0.0,0.0,-0.0026,0.003,-0.0034,0.0,0.0
1776326461.5508435,0.0003,0.0,0.0,0.002,0.0004,0.0003,0.0,-0.0001,0.001,0.0,0.0,-0.0027,0.0029,-0.0033,0.0,0.0
1776326461.813736,0.0002,0.0,0.0,0.002,0.0005,0.0002,0.0,-0.0001,0.0005,0.0,0.0,-0.003,0.0026,-0.0032,0.0,0.0
1776326461.8148253,0.0001,0.0,0.0,0.002,0.0006,0.0002,0.0,-0.0001,0.0004,0.0,0.0,-0.003,0.0025,-0.0032,0.0,0.0
1776326462.0645022,0.0004,0.0,0.0,0.0017,0.0004,0.0,0.0,0.0,0.0017,0.0,0.0,-0.0023,0.0031,-0.0027,0.0,0.0
1776326462.0649624,0.0004,0.0,0.0,0.0017,0.0004,0.0,0.0,0.0,0.0017,0.0,0.0,-0.0023,0.0031,-0.0027,0.0,0.0
1776326462.3132784,0.0008,0.0,0.0,0.0008,0.0,0.0001,0.0,0.0,0.0024,0.0,0.0,-0.0008,0.0029,-0.0023,0.0,0.0
1776326462.3137512,0.0008,0.0,0.0,0.0008,0.0,0.0001,0.0,0.0,0.0024,0.0,0.0,-0.0008,0.0029,-0.0023,0.0,0.0
1776326462.569596,0.0003,0.0,0.0,0.0006,0.0009,0.0005,0.0,0.0,0.003,0.0,0.0,-0.0003,0.0023,-0.0018,0.0,0.0
1776326462.5701303,0.0003,0.0,0.0,0.0006,0.0009,0.0005,0.0,0.0,0.003,0.0,0.0,-0.0003,0.0023,-0.0018,0.0,0.0
